PDBid,Sequence1avh_Homo_sapiens,MAQVLRGTVTDFPGFDERADAETLRKAMKGLGTDEESILTLLTSRSNAQRQEISAAFKTLFGRDLLDDLKSELTGKFEKLIVALMKPSRLYDAYELKHALKGAGTNEKVLTEIIASRTPEELRAIKQVYEEEYGSSLEDDVVGDTSGYYQRMLVVLLQANRDPDAGIDEAQVEQDAQALFQAGELKWGTDEEKFITIFGTRSVSHLRKVFDKYMTISGFQIEETIDRETSGNLEQLLLAVVKSIRSIPAYLAETLYYAMKGAGTDDHTLIRVMVSRSEIDLFNIRKEFRKNFATSLYSMIKGDTSGDYKKALLLLCGEDD1bab_Homo_sapiens,XMELSPADKTNVKAAWGKVGAHAGEYGAEALERMFLSFPTTKTYFPHFDLSHGSAQVKGHGKKVADALTNAVAHVDDMPNALSALSDLHAHKLRVDPVNFKLLSHCLLVTLAAHLPAEFTPAVHASLDKFLASVSTVLTSKYR1brd_Halobacterium_salinarum,"QAQITGRPEWIWLALGTALMGLGTLYFLVKGMGVSDPDAKKFYAITTLVPAIAFTMYLSMLLGYGLTMVPFGGEQNPIYWARYADWLFTTPLLLLDLALLVDADQGTILALVGADGIMIGTGLVGALTKVYSYRFVWWAISTAAMLYILYVLFFGFTSKAESMRPEVASTFKVLRNVTVVLWSAYPVVWLIGSEGAGIVPLNIETLLFMVLDVSAKVGFGLILLRSRAIFGEAEAPEPSAGDGAAATS
"1c5a_Sus scrofa_domestic,MLQKKIEEEAAKYKYAMLKKCCYDGAYRNDDETCEERAARIKIGPKCVKAFKDCCYIANQVRAEQSHKNIQLG1cpc_Fremyella_diplosiphon,MLDAFAKVVSQADARGEYLSGSQIDALSALVADGNKRMDVVNRITGNSSTIVANAARSLFAEQPQLIAPGGNAYTSRRMAACLRDMEIILRYVTYAIFAGDASVLDDRCLNGLKETYLALGTPGSSVAVGVQKMKDAALAIAGDTNGITRGDCASLMAEVASYFDKAASAVA1cpcL_Fremyella_diplosiphon,MKTPLTEAVAAADSQGRFLSSTEIQTAFGRFRQASASLAAAKALTEKASSLASGAANAVYSKFPYTTSQNGPNFASTQTGKDKCVRDIGYYLRMVTYCLVVGGTGPLDDYLIGGIAEINRTFDLSPSWYVEALKYIKANHGLSGDPAVEANSYIDYAINALS1eco_Chironomus_thummi_thummi,"LSADQISTVQASFDKVKGDPVGILYAVFKADPSIMAKFTQFAGKDLESIKGTAPFETHANRIVGFFSKIIGELPNIEADVNTFVASHKPRGVTHDQLNNFRAGFVSYMKAHTDFAGAEAAWGATLDTFFGMIFSKM
"1fcs_Physeter_catodon,MVLSEGEWQLVLHVWAKVEADVAGHGQDILIRLFKSHPETLEKFDRFKHLKTEAEMKASEDLKKVGVRVLTALGAILKKKGHHEAELKPLAQSHATKHKIPIKYLEFISEAIIHVLHSRHPGNFGADAQGAMNKALELFRKDIAAKYKELGYQG1fha_Homo_sapiens,MTTASTSQVRQNYHQDSEAAINRQINLELYASYVYLSMSYYFDRDDVALKNFAKYFLHQSHEEREHAEKLMKLQNQRGGRIFLQDIQKPDCDDWESGLNAMECALHLEKNVNQSLLELHKLATDKNDPHLCDFIETHYLNEQVKAIKELGDHVTNLRKMGAPESGLAEYLFDKHTLGDSDNES1fia_Escherichia_coli,"MFEQRVNSDVLTVSTVNSQDQVTQKPLRDSVKQALKNYFAQLNGQDVNDLYELVLAEVEQPLLDMVMQYTRGNQTRAALMMGINRGTLRKKLKKYGMN
"1hbg_Glycera_dibranchiata,GLSAAQRQVIAATWKDIAGADNGAGVGKKCLIKFLSAHPQMAAVFGFSGASDPGVAALGAKVLAQIGVAVSHLGDEGKMVAQMKAVGVRHKGYGNKHIKAQYFEPLGASLLSAMEHRIGGKMNAAAKDAWAAAYADISGALISGLQS1hdd_Drosophila_melanogaster,MDEKRPRTAFSSEQLARLKREFNENRYLTERRRQQLSSELGLNEAQIKIWFQNKRAKIKKS1hig_Homo_sapiens,QDPYVKEAENLKKYFNAGHSDVADNGTLFLGILKNWKEESDRKIMQSQIVSFYFKLFKNFKDDQSIQKSVETIKEDMNVKFFNSNKKKRDDFEKLTNYSVTDLNVQRKAIHELIQVMAELSPAAKTGKRKRSQMLFRG1le4_Homo_sapiens,GQRWELALGRFWDYLRWVQTLSEQVQEELLSSQVTQELRALMDETMKELKAYKSELEEQLTPVAEETRARLSKELQAAQARLGADMEDVRGRLVQYRGEVQAMLGQSTEELRVRLASHLRKLRKRLLRDADDLQKRLAVYQAGA1lia_Polysiphonia urceolata,MKSVITTTISAADAAGRYPSTSDLQSVQGNIQRAAARLEAAEKLGSNHEAVVKEAGDACFSKYGYNKNPGEAGENQEKINKCYRDIDHYMRLINYTLVVGGTGPLDEWGIAGAREVYRTLNLPSAAYIAAFVFTRDRLCIPRDMSAQAGVEFCTALDYLINSLS1lts_Escherichia_coli,RLYRADSRPPDEIKRSGGLMPRGHNEYFDRGTQMNINLYDHARGTQTGFVRYDDGYVSTSLSLRSAHLAGQSILSGYSTYYIYVIATAPNMFNVNDVLGVYSPHPYEQEVSALGGIPYSQIYGWYRVNFGVIDERLHRNREYRDRYYRNLNIAPAEDGYRLAGFPPDHQAWREEPWIHHAPQGCG1mbc_Physeter_catodon,VLSEGEWQLVLHVWAKVEADVAGHGQDILIRLFKSHPETLEKFDRFKHLKTEAEMKASEDLKKHGVTVLTALGAILKKKGHHEAELKPLAQSHATKHKIPIKYLEFISEAIIHVLHSRHPGDFGADAQGAMNKALELFRKDIAAKYKELGYQG1mbr_Physeter_catodon,HSLKPWNTFGIDHNAQHIVCAEDEQQLLNAWQYATAEGQPVLILGEGSNVLFLEDYRGTVIINRIKGIEIHDEPDAWYLHVGAGENWHRLVKYTLQEGMPGLENLALIPGCVGSSPIQNIGAYGVELQRVCAYVDSVELATGKQVRLTAKECRFGYRDSIFKHEYQDRFAIVAVGLRLPKEWQPVLTYGDLTRLDPTTVTPQQVFNAVCHMRTTKLPDPKVNGNAGSFFKNPVVSAETAKALLSQFPTAPNYPQADGSVKLAAGWLIDQCQLKGMQIGGAAVHRQQALVLINEDNAKSEDVVQLAHHVRQKVGEKFNVWLEPEVRFIGASGEVSAVETIS1rpr_Escherichia_coli,MTKQEKTALNMARFIRSQTLTLLEKLNELDADEQADICESLHDHADELYRSCLARFGDDGENL1tro_Escherichia_coli,MAQQSPYSAAMAEERHQEWLRFVDLLKNAYQNDLHLPLLNLMLTPDEREALGTRVRIVEELLRGEMSQRELKNELGAGIATITRGSNSLKAAPVELRQWLEEVLLKSD1utg_Oryctolagus_cuniculus,"GICPRFAHVIENLLLGTPSSYETSLKEFEPDDTMKDAGMQMKKVLDSLPQTTRENIMKLTEKIVKSPLCM
"256b_Escherichia_coli,ADLEDNMETLNDNLKVIEKADNAAQVKDALTKMRAAALDAQKATPPKLEDKSPDSPEMKDFRHGFDILVGQIDDALKLANEGKVKEAQAAAEQLKTTRNAYHQKYR2ccy_Phaeospirillum_molischianum,QQSKPEDLLKLRQGLMQTLKSQWVPIAGFAAGKADLPADAAQRAENMAMVAKLAPIGWAKGTEALPNGETKPEAFGSKSAEFLEGWKALATESTKLAAAAKAGPDALKAQAAATGKVCKACHEEFKQD2lh1_Lupinus_luteus1,"GALTESQAALVKSSWEEFNANIPKHTHRFFILVLEIAPAAKDLFSFLKGTSEVPQNNPELQAHAGKVFKLVYEAAIQLEVTGVVVTDATLKNLGSVHVSKGVADAHFPVVKEAILKTIKEVVGAKWSEELNSAWTIAYDELAIVIKKEMDDAA
"2lhb_Petromyzon_marinus,PIVDTGSVAPLSAAEKTKIRSAWAPVYSTYETSGVDILVKFFTSTPAAQEFFPKFKGLTTADELKKSADVRWHAERIINAVDDAVASMDDTEKMSMKLRNLSGKHAKSFQVDPEYFKVLAAVIADTVAAGDAGFEKLMSMICILLRSAY2mhbA_Equus_caballus,VQLSGEEKAAVLALWDKVNEEEVGGEALGRLLVVYPWTQRFFDSFGDLSNPGAVMGNPKVKAHGKKVLHSFGEGVHHLDNLKGTFAALSELHCDKLHVDPENFRLLGNVLVVVLARHFGKDFTPELQASYQKVVAGVANALAHKYH2mhbB_Saccharomyces_cerevisiae,VLSAADKTNVKAAWSKVGGHAGEYGAEALERMFLGFPTTKTYFPHFDLSHGSAQVKAHGKKVGDALTLAVGHLDDLPGALSDLSNLHAHKLRVDPVNFKLLSHCLLSTLAVHLPNDFTPAVHASLDKFLSSVSTVLTSKYR2zta_Saccharomyces_cerevisiae,XRMKQLEDKVEELLSKNYHLENEVARLKKLVGER4mba_Aplysia_limacina,"XSLSAAEADLAGKSWAPVFANKNANGLDFLVALFEKFPDSANFFADFKGKSVADIKASPKLRDVSSRIFTRLNEFVNNAANAGKMSAMLSQFAKEHVGFGVGSAQFENVRSMFPGFVASVAAPPAGADAAWTKLFGLIIDALKAAGA
"4mbn_Physeter_catodon,VLSEGEWQLVLHVWAKVEADVAGHGQDILIRLFKSHPETLEKFDRFKHLKTEAEMKASEDLKKHGVTVLTALGAILKKKGHHEAELKPLAQSHATKHKIPIKYLEFISEAIIHVLHSRHPGDFGADAQGAMNKALELFRKDIAAKYKELGYQG1acx_Streptomyces_globisporus,APAFSVSPASGASDGQSVSVSVAAAGETYYIAQCAPVGGQDACNPATATSFTTDASGAASFSFTVRKSYAGQTPSGTPVGSVDCATDACNLGAGNSGLNLGHVALTFG2ayh_Escherichia_coli,QTGGSFFEPFNSYNSGTWEKADGYSNGGVFNCTWRANNVNFTNDGKLKLGLTSSAYNKFDCAEYRSTNIYGYGLYEVSMKPAKNTGIVSSFFTYTGPAHGTQWDEIDIEFLGKDTTKVQFNYYTNGVGGHEKVISLGFDASKGFHTYAFDWQPGYIKWYVDGVLKHTATANIPSTPGKIMMNLWNGTGVDDWLGSYNGANPLYAEYDWVKYTSN1cd8_Homo_sapiens,SQFRVSPLDRTWNLGETVELKCQVLLSNPTSGCSWLFQPRGAAASPTFLLYLSQNKPKAAEGLDTQRFSGKRLGDTFVLTLSDFRRENEGYYFCSALSNSIMYFSHFVPVFLPA1cdt_Naja_mossambica,SQFRVSPLDRTWNLGETVELKCQVLLSNPTSGCSWLFQPRGAAASPTFLLYLSQNKPKAAEGLDTQRFSGKRLGDTFVLTLSDFRRENEGYYFCSALSNSIMYFSHFVPVFLPA1cid_Rattus_norvegicus,"TSITAYKSEGESAEFSFPLNLGEESLQGELRWKAEKAPSSQSWITFSLKNQKVSVQKSTSNPKFQLSETLPLTLQIPQVSLQFAGSGNLTLTLDRGILYQEVNLVVMKVTQPDSNTLTCEVMGPTSPKMRLILKQENQEARVSRQEKVIQVQAPEAGVWQCLLSEGEEVKMDSKIQV
"1dfn_Homo_sapiens,DCYCRIPACIAGERRYGTCIYQGRLWAFCC1hilA_Mus_musculus,EVQLVESGGDLVKPGGSLKLSCAASGFSFSSYGMSWVRQTPDKRLEWVATISNGGGYTYYPDSVKGRFTISRDNAKNTLYLQMSSLKSEDSAMYYCARRERYDENGFAYWGQGTLVTVSAAKTTAPSVYPLAPVCGDTTGSSVTLGCLVKGYFPEPVTLTWNSGSLSSGVHTFPAVLQSDLYTLSSSVTVTSSTWPSQSITCNVAHPASSTKVDKKIEPR1hivA_Human_immunodeficiency_virus_1,PQVTLWQRPLVTIKIGGQLKEALLDTGADDTVLEEMSLPGRWKPKMIGGIGGFIKVRQYDQILIEICGHKAIGTVLVGPTPVNIIGRNLLTQIGCTLNF1hle_Equus_caballus,XMEQLSTANTHFAVDLFRALNESDPTGNIFISPLSISSALAMIFLGTRGNTAAQVSKALYFDTVEDIHSRFQSLNADINKPGAPYILKLANRLYGEKTYNFLADFLASTQKMYGAELASVDFQQAPEDARKEINEWVKGQTEGKIPELLVKGMVDNMTKLVLVNAIYFKGNWQQKFMKEATRDAPFRLNKKDTKTVKMMYQKKKFPYNYIEDLKCRVLELPYQGKELSMIILLPDDIEDESTGLEKIEKQLTLDKLREWTKPENLYLAEVNVHLPRFKLEESYDLTSHLARLGVQDLFNRGKADLSGMSGARDLFVSKIIHKSFVDLNEEGTEAAAATAGTILLA1mam_Mus_musculus,DIQMTQTTSSLSASLGDRVTISCRASQDIYNYLNWYQQKPDGTVKLLIYYTSRLHSGVPSRFSGSGSGTDYSLTISNLNQEDMATYICQQGNTLPFTFGSGTKLEIKRADAAPTVSIFPPSSEQLTSGGASVVCFLNNFYPKDINVKWKIDGSERQNGVLNSWTDQDSKDSTYSMSSTLTLTKDEYERHNSYTCEATHKTSTSPIVKSFNRNEC3mon_Dioscoreophyllum_cumminsii,GEWEIIDIGPFTQNLGKFAVDEENKIGQYGRLTFNKVIRPCMKKTIYENE1omf_Escherichia_coli_K12,AEIYNKDGNKVDLYGKAVGLHYFSKGNGENSYGGNGDMTYARLGFKGETQINSDLTGYGQWEYNFQGNNSEGADAQTGNKTRLAFAGLKYADVGSFDYGRNYGVVYDALGYTDMLPEFGGDTAYSDDFFVGRVGGVATYRNSNFFGLVDGLNFAVQYLGKNERDTARRSNGDGVGGSISYEYEGFGIVGAYGAADRTNLQEAQPLGNGKKAEQWATGLKYDANNIYLAANYGETRNATPITNKFTNTSGFANKTQDVLLVAQYQFDFGLRPSIAYTKSKAKDVEGIGDVDLVNYFEVGATYYFNKNMSTYVDYIINQIDSDNKLGVGSDDTVAVGIVYQF2phy_Halorhodospira_halophila,MEHVAFGSEDIENTLAKMDDGQLDGLAFGAIQLDGDGNILQYNAAEGDITGRDPKQVIGKNFFKDVAPCTDSPEFYGKFKEGVASGNLNTMFEYTFDYQMTPTKVKVHMKKALSGDSYWVFVKRV1rei_Homo_sapiens,DIQMTQSPSSLSASVGDRVTITCQASQDIIKYLNWYQQTPGKAPKLLIYEASNLQAGVPSRFSGSGSGTDYTFTISSLQPEDIATYYCQQYQSLPYTFGQGTKLQIT1ten_Homo_sapiens,RLDAPSQIEVKDVTDTTALITWFKPLAEIDGIELTYGIKDVPGDRTTIDLTEDENQYSIGNLKPDTEYEVSLISRRGDMSSNPAKETFTT1tlk_Meleagris_gallopavo,ISGMSGRKASGSSPTSPINANKVENEDAFLEEVAEEKPHVKPYFTKTILDMDVVEGSAARFDCKVEGYPDPEVMWFKDDNPVKESRHFQIDYDEEGNCSLTISEVCGDDDAKYTCKAVNSLGEATCTAELLVETMGKEGEGEGEGEEDEEEEEE2vaa_Mus_musculus,GPHSLRYFVTAVSRPGLGEPRYMEVGYVDDTEFVRFDSDAENPRYEPRARWMEQEGPEYWERETQKAKGNEQSFRVDLRTLLGYYNQSKGGSHTIQVISGCEVGSDGRLLRGYQQYAYDGCDYIALNEDLKTWTAADMAALITKHKWEQAGEAERLRAYLEGTCVEWLRRYLKNGNATLLRTDSPKAHVTHHSRPEDKVTLRCWALGFYPADITLTWQLNGEELIQDMELVETRPAGDGTFQKWASVVVPLGKEQYYTCHVYHQGLPEPLTLRW2alp_Lysobacter_enzymogenes,ANIVGGIEYSINNASLCSVGFSVTRGATKGFVTAGHCGTVNATARIGGAVVGTFAARVFPGNDRAWVSLTSAQTLLPRVANGSSFVTVRGSTEAAVGAAVCRSGRTTGYQCGTITAKNVTANYAEGAVRGLTQGNACMGRGDSGGSWITSAGQAQGVMSGGNVQSNGNNCGIPASQRSSLFERLQPILSQYGLSLVTG2avi_Gallus_gallus,ARKCSLTGKWTNDLGSNMTIGAVNSRGEFTGTYTTAVTATSNEIKESPLHGTENTINKRTQPTFGFTVNWKFSESTTVFTGQCFIDRNGKEVLKTMWLLRSSVNDIGDDWKATRVGINIFTRLRTQKE2bpa_Enterobacteria_phage,MFQTFISRHNSNFFSDKLVLTSVTPASSAPVLQTPKATSSTLYFDSLTVNAGNGGFLHCIQMDTSVNAANQVVSVGADIAFDADPKFFACLVRFESSSVPTTLPTAYDVYPLNGRHDGGYYTVKDCVTIDVLPRTPGNNVYVGFMVWSNFTATKCRGLVSLNQVIKEIICLQPLK3hhr_Homo_sapiens,EPKFTKCRSPERETFSCHWTDEVHHGTKNLGPIQLFYTRRNTQEWTQEWKECPDYVSAGENSCYFNSSFTSIWIPYCIKLTSNGGTVDEKCFSVDEIVQPDPPIALNWTLLNVSLTGIHADIQVRWEAPRNADIQKGWMVLEYELQYKEVNETKWKMMDPILTTSVPVYSLKVDKEYEVRVRSKQRNSGNYGEFSEVLYVTLPQM2ila_Homo_sapiens,SFLSNVKYNFMRIIKYEFILNDALNQSIIRANAQYLTAAALHNLDEAVKFDMGAYKSSKDDAKITVILRISKTQLYVTAQDEDQPVLLKEMPEIPKTITGSETNLLFFWETHGTKNYFTSVAHPNLFIATKQDYWVCLAGGPPSITDFQILENQA2lal_Lens_culinaris,TETTSFSITKFSPDQQNLIFQGDGYTTKGKLTLTKAVKSTVGRALYSTPIHIWDRDTGNVANFVTSFTFVIDAPSSYNVADGFTFFIAPVDTKPQTGGGYLGVFNSKEYDKTSQTVAVEFDTFYNAAWDPSNKERHIGIDVNSIKSVNTKSWNLQNGERANVVIAFNAATNVLTVTLTYPN2snv_Sindbis_virus,RLFDVKNEDGDVIGHALAMEGKVMKPLHVKGTIDHPVLSKLKFTKSSAYDMEFAQLPVNMRSEAFTYTSEHPEGFYNWHHGAVQYSGGRFTIPRGVGGRGDSGRPIMDNSGRVVAIVLGGADEGTRTALSVVTWNSKGKTIKTTPEGTEEW3cd4_Homo_sapiens,KKVVLGKKGDTVELTCTASQKKSIQFHWKNSNQIKILGNQGSFLTKGPSKLNDRADSRRSLWDQGNFPLIIKNLKIEDSDTYICEVEDQKEEVQLLVFGLTANSDTHLLQGQSLTLTLESPPGSSPSVQCRSPRGKNIQGGKTLSVSQLELQDSGTWTCTVLQNQKKVEFKIDIVVLAFQKA4gcr_Bos_taurus,"GKITFYEDRGFQGHCYECSSDCPNLQPYFSRCNSIRVDSGCWMLYERPNYQGHQYFLRRGDYPDYQQWMGFNDSIRSCRLIPQHTGTFRMRIYERDDFRGQMSEITDDCPSLQDRFHLTEVHSLNVLEGSWVLYEMPSYRGRQYLLRPGEYRRYLDWGAMNAKVGSLRRVMDFY

"7api_Homo_sapiens,"DTSHHDQDHPTFNKITPNLAEFAFSLYRQLAHQSNSTNIFFSPVSIATAFAMLSLGTKADTHDEILEGLNFNLTEIPEAQIHEGFQELLRTLNQPDSQLQLTTGNGLFLSEGLKLVDKFLEDVKKLYHSEAFTVNFGDTEEAKKQINDYVEKGTQGKIVDLVKELDRDTVFALVNYIFFKGKWERPFEVKDTEEEDFHVDQVTTVKVPMMKRLGMFNIQHCKKLSSWVLLMKYLGNATAIFFLPDEGKLQHLENELTHDIITKFLENEDRRSASLHLPKLSITGTYDLKSVLGQLGITKVFSNGADLSGVTEEAPLKLSKAVHKAVLTIDEKGTEAAGAMFLEAIPM
"8il8_Homo_sapiens,MDTPLRDKSYFDERATKEMATHLQQVQRDTRETMAFACRILAMTEQEAGLAGQISVRSERPGAYWTLRFGLGFDEATPEDFIEVDRDLNTLSGEGMANPATRFHLWVYEARPDVNSIIHTHSPWATVLATARQPLVISQMDMTPLHNDCAFLGEWPGVPIADQEGVIISKALGDKRAIILAHHGYLTAGKSCQEATYLSVYLERAARLQVRAQAAFGPLTPVDDTLAAEAHDYLLKPSIVNATFDYWSRQTQGIAPLTKTR8fabA_Homo_sapiens,SYELTQPPSVSVSPGQTARITCSANALPNQYAYWYQQKPGRAPVMVIYKDTQRPSGIPQRFSSSTSGTTVTLTISGVQAEDEADYYCQAWDNSASIFGGGTKLTVLGQPKAAPSVTLFPPSSEELQANKATLVCLISDFYPGAVTVAWKADSSPIKAGVETTTPSKQSNNKYAASSYLSLTPEQWKSHRSYSCQVTHEGSTVEKTVAPTECS8fabB_Homo_sapiens,AVKLVQAGGGVVQPGRSLRLSCIASGFTFSNYGMHWVRQAPGKGLEWVAVIWYNGSRTYYGDSVKGRFTISRDNSKRTLYMQMNSLRTEDTAVYYCARDPDILTAFSFDYWGQGVLVTVSSASTKGPSVFPLAPSSKSTSGGTAALGCLVKDYFPEPVTVSWNSGALTSGVHTFPAVLQSSGLYSLSSVVTVPSSSLGTQTYICNVNHKPSNTKVDKKVEPKSC2aak_Arabidopsis_thaliana,"MSTPARKRLMRDFKRLQQDPPAGISGAPQDNNIMLWNAVIFGPDDTPWDGGTFKLSLQFSEDYPNKPPTVRFVSRMFHPNIYADGSICLDILQNQWSPIYDVAAILTSIQSLLCDPNPNSPANSEAARMYSESKREYNRRVRDVVEQSWTAD
"1ctf_Escherichia_coli,AAEEKTEFDVILKAAGANKVAVIKAVRGATGLGLKEAKDLVESAPAALKEGVSKDDAEALKKALEEAGAEVEVK1dnk_Bos_taurus,LKIAAFNIRTFGETKMSNATLASYIVRIVRRYDIVLIQEVRDSHLVAVGKLLDYLNQDDPNTYHYVVSEPLGRNSYKERYLFLFRPNKVSVLDTYQYDDGCESCGNDSFSREPAVVKFSSHSTKVKEFAIVALHSAPSDAVAEINSLYDVYLDVQQKWHLNDVMLMGDFNADCSYVTSSQWSSIRLRTSSTFQWLIPDSADTTATSTNCAYDRIVVAGSLLQSSVVPGSAAPFDFQAAYGLSNEMALAISDHYPVEVTLT1eaf_Azotobacter_vinelandii,"IPPIPPVDFAKYGEIEEVPMTRLMQIGATNLHRSWLNVPHVTQFESADITELEAFRVAQKAVAKKAGVKLTVLPLLLKACAYLLKELPDFNSSLAPSGQALIRKKYVHIGFAVDTPDGLLVPVIRNVDQKSLLQLAAEAAELAEKARSKKLGADAMQGACFTISSLGHIGGTAFTPIVNAPEVAILGVSKASMQPVWDGKAFQPRLMLPLSLSYDHRVINGAAAARFTKRLGDLLADIRAILL
"1hsb_Homo_sapiens,GSHSMRYFYTSVSRPGRGEPRFIAVGYVDDTQFVRFDSDAASQRMEPRAPWIEQEGPEYWDRNTRNVKAQSQTDRVDLGTLRGYYNQSEAGSHTIQMMYGCDVGSDGRFLRGYRQDAYDGKDYIALKEDLRSWTAADMAAQTTKHKWEAAHVAEQWRAYLEGTCVEWLRRYLENGKETLQRTDAPKTHMTHHAVSDHEATLRCWALSFYPAEITLTWQRDGEDQTQDTELVETRPAGDGTFQKWVAVVVPSGQEQRYTCHVQHEGLPKPL1ltsA_Escherichia_coli,RLYRADSRPPDEIKRSGGLMPRGHNEYFDRGTQMNINLYDHARGTQTGFVRYDDGYVSTSLSLRSAHLAGQSILSGYSTYYIYVIATAPNMFNVNDVLGVYSPHPYEQEVSALGGIPYSQIYGWYRVNFGVIDERLHRNREYRDRYYRNLNIAPAEDGYRLAGFPPDHQAWREEPWIHHAPQGCG1ltsD_Escherichia_coli,APQTITELCSEYRNTQIYTINDKILSYTESMAGKREMVIITFKSGETFQVEVPGSQHIDSQKKAIERMKDTLRITYLTETKIDKLCVWNNKTPNSIAAISMKN1nrcA_Human_rhinovirus_16,NPVERYVDEVLNEVLVVPNINQSHPTTSNAAPVLDAAETGHTNKIQPEDTIETRYVQSSQTLDEMSVESFLGRSGCIHESVLDIVDNYNDQSFTKWNINLQEMAQIRRKFEMFTYARFDSEITMVPSVAAKDGHIGHIVMQYMYVPPGAPIPTTRDDYAWQSGTNASVFWQHGQPFPRFSLPFLSIASAYYMFYDGYDGDTYKSRYGTVVTNDMGTLCSRIVTSEQLHKVKVVTRIYHKAKHTKAWCPRPPRAVQYSHTHTTNYKLSSEVHNDVAIRPRTNLTTV1oia_Homo_Sapiens,MAVPETRPNHTIYINNLNEKIKKDELKKSLYAIFSQFGQILDILVSRSLKMRGQAFVIFKEVSSATNALRSMQGFPFYDKPMRIQYAKTDSDIIA1poc_Apis_mellifera,IIYPGTLWCGHGNKSSGPNELGRFKHTDACCRTHDMCPDVMSAGESKHGLTNTASHTRLSCDCDDKFYDCLKNSADTISSYFVGKMYFNLIDTKCYKLEHPVTGCGERTEGRCLHYTVDKSKPKVYQWFDLRKY1ppn_Carica_papaya,IPEYVDWRQKGAVTPVKNQGSCGSCWAFSAVVTIEGIIKIRTGNLNEYSEQELLDCDRRSYGCNGGYPWSALQLVAQYGIHYRNTYPYEGVQRYCRSREKGPYAAKTDGVRQVQPYNEGALLYSIANQPVSVVLEAAGKDFQLYRGGIFVGPCGNKVDHAVAAVGYGPNYILIKNSWGTGWGENGYIRIKRGTGNSYGVCGLYTSSFYPVKN1pr1_Escherichia coli,MATPHINAEMGDFADVVLMPGDPLRAKYIAETFLEDAREVNNVRGMLGFTGTYKGRKISVMGHGMGIPSCSIYTKELITDFGVKKIIRVGSCGAVLPHVKLRDVVIGMGACTDSKVNRIRFKDHDFAAIADFDMVRNAVDAAKALGIDARVGNLFSADLFYSPDGEMFDVMEKYGILGVEMEAAGIYGVAAEFGAKALTICTVSDHIRTHEQTTAAERQTTFNDMIKIALESVLLGDKE1rnd_Bos_taurus,KETAAAKFERQHMDSSTSAASSSNYCNQMMKSRNLTKDRCKPVNTFVHESLADVQAVCSQKNVACKNGQTNCYQSYSTMSITDCRETGSSKYPNCAYKTTQANKHIIVACEGNPYVPVHFDASV1snc_Staphylococcus_aureus,ATSTKKLHKEPATLIKAIDGDTVKLMYKGQPMTFRLLLVDTPETKHPKKGVEKYGPEASAFTKKMVENAKKIEVEFDKGQRTDKYGRGLAYIYADGKMVNEALVRQGLAKVAYVYKPNNTHEQHLRKSEAQAKKEKLNIWSEDNADSGQ1tfg_Homo_sapiens,ALDAAYCFRNVQDNCCLRPLYIDFKRDLGWKWIHEPKGYNANFCAGACPYLWSSDTQHSRVLSLYNTINPEASASPCCVSQDLEPLTILYYIGKTPKIEQLSNMIVKSCKCS1tgs_Bos_taurus,VDDDDKIVGGYTCGANTVPYQVSLNSGYHFCGGSLINSQWVVSAAHCYKSGIQVRLGEDNINVVEGNEQFISASKSIVHPSYNSNTLNNDIMLIKLKSAASLNSRVASISLPTSCASAGTQCLISGWGNTKSSGTSYPDVLKCLKAPILSDSSCKSAYPGQITSNMFCAGYLEGGKDSCQGDSGGPVVCSGKLQGIVSWGSGCAQKNKPGVYTKVCNYVSWIKQTIASN2ach_Homo_sapiens,HPNSPLDEENLTQENQDRGTHVDLGLASANVDFAFSLYKQLVLKAPDKNVIFSPLSISTALAFLSLGAHNTTLTEILKGLKFNLTETSEAEIHQSFQHLLRTLNQSSDELQLSMGNAMFVKEQLSLLDRFTEDAKRLYGSEAFATDFQDSAAAKKLINDYVKNGTRGKITDLIKDLDSQTMMVLVNYIFFKAKWEMPFDPQDTHQSRFYLSKKKWVMVPMMSLHHLTIPYFRDEELSCTVVELKYTGNASALFILPDQDKMEEVEAMLLPETLKRWRDSLEFREIGELYLPKFSISRDYNLNDILLQLGIEEAFTSKADLSGITGARNLAVSQVVHKAVLDVFEEGTEASAATAVKITLL2act_Actinidia_chinensis,LPSYVDWRSAGAVVDIKSQGECGGCWAFSAIATVEGINKITSGSLISLSEQELIDCGRTQNTRGCDGGYITDGFQFIINDGGINTEENYPYTAQDGDCDVALQDQKYVTIDTYENVPYNNEWALQTAVTYQPVSVALDAAGDAFKQYASGIFTGPCGTAVDHAIVIVGYGTEGGVDYWIVKNSWDTTWGEEGYMRILRNVGGAGTCGIATMPSYPVKYNN2bpa_Enterobacteria_phage,SNIQTGAERMPHDLSHLGFLAGQIGRLITISTTPVIAGDSFEMDAVGALRLSPLRRGLAIDSTVDIFTFYVPHRHVYGEQWIKFMKDGVNATPLPTVNTTGYIDHAAFLGTINPDTNKIPKHLFQGYLNIYNNYFKAPWMPDRTEANPNELNQDDARYGFRCCHLKNIWTAPLPPETELSRQMTTSTTSIDIMGLQAAYANLHTDQERDYFMQRYRDVISSFGGKTSYDADNRPLLVMRSNLWASGYDVDGTDQTSLGQFSGRVQQTYKHSVPRFFVPEHGTMFTLALVRFPPTATKEIQYLNAKGALTYTDIAGDPVLYGNLPPREISMKDVFRSGDSSKKFKIAEGQWYRYAPSYVSPAYHLLEGFPFIQEPPSGDLQERVLIRHHDYDQCFQSVQLLQWNSQVKFNVTVYRNLPTTRDSIMTS2sns_Staphylococcus_aureus,ATSTKKLHKEPATLIKAIDGDTVKLMYKGQPMTFRLLLVDTPETKHPKKGVEKYGPEASAFTKKMVENAKKIEVEFNKGQRTDKYGRGLAYIYADGKMVNEALVRQGLAKVAYVYKPNNTHEQHLRKSEAQAKKEKLNIWSENDADSGQ3ssi_Streptomyces_albogriseolus,DAPSALYAPSALVLTVGKGVSATTAAPERAVTLTCAPGPSGTHPAAGSACADLAAVGGDLNALTRGEDVMCPMVYDPVLLTVDGVWQGKRVSYERVFSNECEMNAHGSSVFAF3il8_Homo_sapiens,SAKELRCQCIKTYSKPFHPKFIKELRVIESGPHCANTEIIVKLSDGRELCLDPKENWVQRVVEKFLKRAENS3rub_Nicotiana_tabacum,MSPQTETKASVGFKAGVKEYKLTYYTPEYQTKDTDILAAFRVTPQPGVPPEEAGAAVAAESSTGTWTTVWTDGLTSLDRYKGRCYRIERVVGEKDQYIAYVAYPLDLFEEGSVTNMFTSIVGNVFGFKALRALRLEDLRIPPAYVKTFQGPPHGIQVERDKLNKYGRPLLGCTIKPKLGLSAKNYGRAVYECLRGGLDFTKDDENVNSQPFMRWRDRFLFCAEALYKAQAETGEIKGHYLNATAGTCEEMIKRAVFARELGVPIVMHDYLTGGFTANTSLAHYCRDNGLLLHIHRAMHAVIDRQKNHGIHFRVLAKALRMSGGDHIHSGTVVGKLEGERDITLGFVDLLRDDFVEQDRSRGIYFTQDWVSLPGVLPVASGGIHVWHMPALTEIFGDDSVLQFGGMTLGHPWGNAPGAVANRVALEACVKARNEGRDLAQEGNEIIREACKWSPELAAACEVWKEIVFNFAAVDVLDK3sgb_Streptomyces_griseus,ISGGDAIYSSTGRCSLGFNVRSGSTYYFLTAGHCTDGATTWWANSARTTVLGTTSGSSFPNNDYGIVRYTNTTIPKDGTVGGQDITSAANATVGMAVTRRGSTTGTHSGSVTALNATVNYGGGDVVYGMIRTNVCAEPGDSGGPLYSGTRAIGLTSGGSGNCSSGGTTFFQPVTEALVAYGVSVY3sic_Bacillus_amyloliquefaciens,AQSVPYGVSQIKAPALHSQGYTGSNVKVAVIDSGIDSSHPDLKVAGGASMVPSETNPFQDNNSHGTHVAGTVAALNNSIGVLGVAPSASLYAVKVLGADGSGQYSWIINGIEWAIANNMDVINMSLGGPSGSAALKAAVDKAVASGVVVVAAAGNEGTSGSSSTVGYPGKYPSVIAVGAVDSSNQRASFSSVGPELDVMAPGVSIQSTLPGNKYGAYNGTSMASPHVAGAAALILSKHPNWTNTQVRSSLENTTTKLGDSFYYGKGLINVQAAAQ4blm_Bacillus_licheniformis,KTEMKDDFAKLEEQFDAKLGIFALDTGTNRTVAYRPDERFAFASTIKALTVGVLLQQKSIEDLNQRITYTRDDLVNYNPITEKHVDTGMTLKELADASLRYSDNAAQNLILKQIGGPESLKKELRKIGDEVTNPERFEPELNEVNPGETQDTSTARALVTSLRAFALEDKLPSEKRELLIDWMKRNTTGDALIRAGVPDGWEVADKTGAASYGTRNDIAIIWPPKGDPVVLAVLSSRDKKDAKYDDKLIAEATKVVMKALNMNGK4tms_Lactobacillus_casei,MLEQPYLDLAKKVLDEGHFKPDRTHTGTYSIFGHQMRFDLSKGFPLLTTKKVPFGLIKSELLWFLHGDTNIRFLLQHRNHIWDEWAFEKWVKSDEYHGPDMTDFGHRSQKDPEFAAVYHEEMAKFDDRVLHDDAFAAKYGDLGLVYGSQWRAWHTSKGDTIDQLGDVIEQIKTHPYSRRLIVSAWNPEDVPTMALPPCHTLYQFYVNDGKLSLQLYQRSADIFLGVPFNIASYALLTHLVAHECGLEVGEFIHTFGDAHLYVNHLDQIKEQLSRTPRPAPTLQLNPDKHDIFDFDMKDIKLLNYDPYPAIKAPVAV8cat_Bos_taurus,ADNRDPASDQMKHWKEQRAAQKPDVLTTGGGNPVGDKLNSLTVGPRGPLLVQDVVFTDEMAHFDRERIPERVVHAKGAGAFGYFEVTHDITRYSKAKVFEHIGKRTPIAVRFSTVAGESGSADTVRDPRGFAVKFYTEDGNWDLVGNNTPIFFIRDALLFPSFIHSQKRNPQTHLKDPDMVWDFWSLRPESLHQVSFLFSDRGIPDGHRHMDGYGSHTFKLVNADGEAVYCKFHYKTDQGIKNLSVEDAARLAHEDPDYGLRDLFNAIATGNYPSWTLYIQVMTFSEAEIFPFNPFDLTKVWPHGDYPLIPVGKLVLNRNPVNYFAEVEQLAFDPSNMPPGIEPSPDKMLQGRLFAYPDTHRHRLGPNYLQIPVNCPYRARVANYQRDGPMCMMDNQGGAPNYYPNSFSAPEHQPSALEHRTHFSGDVQRFNSANDDNVTQVRTFYLKVLNEEQRKRLCENIAGHLKDAQLFIQKKAVKNFSDVHPEYGSRIQALLDKYNEEKPKN9rnt_Aspergillus_oryzae,ACDYTCGSNCYSSSDVSTAQAAGYKLHEDGETVGSNSYPHKYNNYEGFDFSVSSPYYEWPILSSGDVYSGGSPGADRVVFNENNQLAGVITHTGASGNNFVECT9rsa_Bos_taurus,KETAAAKFERQHMDSSTSAASSSNYCNQMMKSRNLTKDRCKPVNTFVHESLADVQAVCSQKNVACKNGQTNCYQSYSTMSITDCRETGSSKYPNCAYKTTQANKHIIVACEGNPYVPVHFDASV1aba_Enterobacteria_phage,MFKVYGYDSNIHKCGPCDNAKRLLTVKKQPFEFINIMPEKGVFDDEKIAELLTKLGRDTQIGLTMPQVFAPDGSHIGGFDQLREYFK1cis_Hordeum_vulgare,MKTEWPELVGKSVEEAKKVILQDKPEAQIIVLEKQAVDNAYAEYRIDRVRLAVDKLDNIAQVPRVG1cse_Bacillus_subtilis,AQTVPYGIPLIKADKVQAQGFKGANVKVAVLDTGIQASHPDLNVVGGASFVAGEAYNTDGNGHGTHVAGTVAALDNTTGVLGVAPSVSLYAVKVLNSSGSGSYSGIVSGIEWATTNGMDVINMSLGGASGSTAMKQAVDNAYARGVVVVAAAGNSGNSGSTNTIGYPAKYDSVIAVGAVDSNSNRASFSSVGAELEVMAPGAGVYSTYPTNTYATLNGTSMASPHVAGAAALILSKHPNLSASQVRNRLSSTATYLGSSFYYGKGLINVEAAAQ1ct8_Mus musculus,ELVMTQTPATLSVTPGDSVSLSCRASQSVSNKLHWYQQKSHESPRLLIKFASQSIPGIPSRFSGSGSGSDFTLSINSVETEDFGIYFCHQTHGRPLTFGAGTKLELKRADAAPTVSIFPPSSEQLTSGGASVVCFLNNFYPKDINVKWKIDGSERQNGVLNSWTDQDSKDSTYSMSSTLTLTKDEYERHNSYTCEATHKTSTSPIVKSFNRNEC1dhr_Rattus_norvegicus,MAASGEARRVLVYGGRGALGSRCVQAFRARNWWVASIDVVENEEASASVIVKMTDSFTEQADQVTAEVGKLLGDQKVDAILCVAGGWAGGNAKSKSLFKNCDLMWKQSIWTSTISSHLATKHLKEGGLLTLAGAKAALDGTPGMIGYGMAKGAVHQLCQSLAGKNSGMPSGAAAIAVLPVTLDTPMNRKSMPEADFSSWTPLEFLVETFHDWITGNKRPNSGSLIQVVTTDGKTELTPAYF2dri_Escherichia_coli,KDTIALVVSTLNNPFFVSLKDGAQKEADKLGYNLVVLDSQNNPAKELANVQDLTVRGTKILLINPTDSDAVGNAVKMANQANIPVITLDRQATKGEVVSHIASDNVLGGKIAGDYIAKKAGEGAKVIELQGIAGTSAARERGEGFQQAVAAHKFNVLASQPADFDRIKGLNVMQNLLTAHPDVQAVFAQNDEMALGALRALQTAGKSDVMVVGFDGTPDGEKAVNDGKLAATIAQLPDQIGAKGVETADKVLKGEKVQAKYPVDLKLVVKQ1etu_Escherichia_coli,SKEKFERTKPHVNVGTIGHVDHGKTTLTAAITTVLAKTYGGAARAFDQIDNAPEEKARGITINTSHVEYDTPTRHYAHVDCPGHADYVKNMITGAAQMDGAILVVAATDGPMPQTREHILLGRQVGVPYIIVFLNKCDMVDDEELLELVEMEVRELLSQYDFPGDDTPIVRGSALKALEGDAEWEAKILELAGFLDSYIPEPERAIDKPFLLPIEDVFSISGRGTVVTGRVERGIIKVGEEVEIVGIKETQKSTCTGVEMFRKLLDEGRAGENVGVLLRGIKREEIERGQVLAKPGTIKPHTKFESEVYILSKDEGGRHTPFFKGYRPQFYFRTTDVTGTIELPEGVEMVMPGDNIKMVVTLIHPIAMDDGLRFAIREGGRTVGAGVVAKVLG1fx1_Desulfovibrio_vulgaris,MPKALIVYGSTTGNTEYTAETIARQLANAGYEVDSRDAASVEAGGLFEGFDLVLLGCSTWGDDSIELQDDFIPLFDSLEETGAQGRKVACFGCGDSSYEYFCGAVDAIEEKLKNLGAEIVQDGLRIDGDPRAARDDIVGWAHDVRGAI1gpb_Oryctolagus_cuniculus,ADTRIGVTIYKYDDNFMSVVRKAIEKDGKSAPDVQLLMNDSQNDQSKQNDQIDVLLAKGVKALAINLVDPAAAGTVIEKARGQNVPVVFFNKEPSRKALDSYDKAYYVGTDSKESGVIQGDLIAKHWQANQGWDLNKDGKIQYVLLKGEPGHPDAEARTTYVVKELNDKGIQTEQLALDTAMWDTAQAKDKMDAWLSGPNANKIEVVIANNDAMAMGAVEALKAHNKSSIPVFGVDALPEALALVKSGAMAGTVLNDANNQAKATFDLAKNLAEGKGAADGTSWKIENKIVRVPYVGVDKDNLSEFT1ofb_Saccharomyces_Cerevisiae,"MSESPMFAANGMPKVNQGAEEDVRILGYDPLASPALLQVQIPATPTSLETAKRGRREAIDIITGKDDRVLVIVGPCSIHDLEAAQEYALRLKKLSDELKGDLSIIMRAYLEKPRTTVGWKGLINDPDVNNTFNINKGLQSARQLFVNLTNIGLPIGSEMLDTISPQYLADLVSFGAIGARTTESQLHRELASGLSFPVGFKNGTDGTLNVAVDACQAAAHSHHFMGVTKHGVAAITTTKGNEHCFVILRGGKKGTNYDAKSVAEAKAQLPAGSNGLMIDYSHGNSNKDFRNQPKVNDVVCEQIANGENAITGVMIESNINEGNQGIPAEGKAGLKYGVSITDACIGWETTEDVLRKLAAAVRQRREVNKK

"1pax_Gallus_gallus,ALTVSAGTKSKLAKPIQDLIKMIFDVESMKKAMVEFEIDLQKMPLGKLSKRQIQSAYSILNEVQQAVSDGGSESQILDLSNRFYTLIPHDFGMKKPPLLSNLEYIQAKVQMLDNLLDIEVAYSLLRGGNEDGDKDPIDINYEKLRTDIKVVDKDSEEAKIIKQYVKNTHAATHNAYDLKVVEIFRIEREGESQRYKPFKQLHNRQLLWHGSRTTNFAGILSQGLRIAPPEAPVTGYMFGKGIYFADMVSKSANYCHTSQADPIGLILLGEVALGNMYELKNASHITKLPKGKHSVKGLGKTAPDPTATTTLDGVEVPLGNGISTGINDTCLLYNEYIVYDVAQVNLKYLLKLKFNYKTSLW1pfk_Escherichia_coli,MIKKIGVLTSGGDAPGMNAAIRGVVRSALTEGLEVMGIYDGYLGLYEDRMVQLDRYSVSDMINRGGTFLGSARFPEFRDENIRAVAIENLKKRGIDALVVIGGDGSYMGAMRLTEMGFPCIGLPGTIDNDIKGTDYTIGFFTALSTVVEAIDRLRDTSSSHQRISVVEVMGRYCGDLTLAAAIAGGCEFVVVPEVEFSREDLVNEIKAGIAKGKKHAIVAITEHMCDVDELAHFIEKETGRETRATVLGHIQRGGSPVPYDRILASRMGAYAIDLLLAGYGGRCVGIQNEQLVHHDIIDAIENMKRPFKGDWLDCAKKLY2pgd_Ovis_aries,AQADIALIGLAVMGQNLILNMNDHGFVVCAFNRTVSKVDDFLANEAKGTKVLGAHSLEEMVSKLKKPRRIILLVKAGQAVDNFIEKLVPLLDIGDIIIDGGNSEYRDTMRRCRDLKDKGILFVGSGVSGGEDGARYGPSLMPGGNKEAWPHIKAIFQGIAAKVGTGEPCCDWVGDDGAGHFVKMVHNGIEYGDMQLICEAYHLMKDVLGLGHKEMAKAFEEWNKTELDSFLIEITASILKFQDADGKHLLPKIRDSAGQKGTGKWTAISALEYGVPVTLIGEAVFARCLSSLKDERIQASKKLKGPQNIPFEGDKKSFLEDIRKALYASKIISYAQGFMLLRQAATEFGWTLNYGGIALMWRGGCIIRSVFLGKIKDAFDRNPGLQNLLLDDFFKSAVENCQDSWRRAISTGVQAGIPMPCFTTALSFYDGYRHAMLPANLIQAQRDYFGAHTYELLAKPGQFIHTNWTGHGGSVSSSSYNA1q21_Homo_sapiens,MTEYKLVVVGAGGVGKSALTIQLIQNHFVDEYDPTIEDSYRKQVVIDGETCLLDILDTAGQEEYSAMRDQYMRTGEGFLCVFAINNTKSFEDIHQYREQIKRVKDSDDVPMVLVGNKCDLAARTVESRQAQDLARSYGIPYIETSAKTRQGVEDAFYTLVREIRQHKLRKL1s01_Bacillus_amyloliquefaciens,AQSVPYGVSQIKAPALHSQGYTGSNVKVAVIDSGIDSSHPDLKVAGGASFVPSETNPFQDNNSHGTHVAGTVAALDNSIGVLGVAPSASLYAVKVLGADGSGQYSWIINGIEWAIANNMDVINMSLGGPSGSAALKAAVDKAVASGVVVVAAAGNEGTSGSSSTVGYPAKYPSVIAVGAVDSSNQRASFSSVGPELDVMAPGVSICSTLPGNKYGAKSGTSMASPHVAGAAALILSKHPNWTNTQVRSSLENTTTKLGDSFYYGKGLINVQAAAQ1sbp_Salmonella_typhimurium4,"KDIQLLNVSYDPTRELYEQYNKAFSAHWKQETGDNVVIDQSHGGSGKQATSVINGIEADTVTLALAYDVNAIAERGRIDKNWIKRLPDDSAPYTSTIVFLVRKGNPKQIHDWNDLIKPGVSVITPNPKSSGGARWNYLAAWGYALHHNNNDQAKAEDFVKALFKNVEVLDSGARGSTNTFVERGIGDVLIAWENEALLATNELGKDKFEIVTPSESILAEPTVSVVDKVVEKKDTKAVAEAYLKYLYSPEGQEIAAKNFYRPRDADVAKKYDDAFPKLKLFTIDEVFGGWAKAQKDHFADGGTFDQISKR
"1sbt_Bacillus_amylol,AQSVPYGVSQIKAPALHSQGYTGSNVKVAVIDSGIDSSHPDLKVAGGASMVPSETPNFQDDNSHGTHVAGTVAALNNSIGVLGVAPSSALYAVKVLGDAGSGQYSWIINGIEWAIANNMDVINMSLGGPSGSAALKAAVDKAVASGVVVVAAAGNEGSTGSSSTVGYPGKYPSVIAVGAVDSSNQRASFSSVGPELDVMAPGVSIQSTLPGNKYGAYNGTSMASPHVAGAAALILSKHPNWTNTQVRSSLQNTTTKLGDSFYYGKGLINVQAAAQ1tim_Gallus_gallus,APRKFFVGGNWKMNGKRKSLGELIHTLDGAKLSADTEVVCGAPSIYLDFARQKLDAKIGVAAQNCYKVPKGAFTGEISPAMIKDIGAAWVILGHSERRHVFGESDELIGQKVAHALAEGLGVIACIGEKLDEREAGITEKVVFQETKAIADNVKDWSKVVLAYEPVWAIGTGKTATPQQAQEVHEKLRGWLKTHVSDAVAVQSRIIYGGSVTGGNCKELASQHDVDGFLVGGASLKPEFVDIINAKH1tm2_Salmonella typhimurium,GSAERIAFIPKLVGVGFFTSGGNGAQEAGKALGIDVTYDGPTEPSVSGQVQLVNNFVNQGYDAIIVSAVSPDGLCPALKRAMQRGVKILTWDSDTKPECRSYYINQGTPKQLGSMLVEMAAHQVDKEKAKVAFFYSSPTVTDQNQWVKEAKAKISQEHPGWEIVTTQFGYNDATKSLQTAEGIIKAYPDLDAIIAPDANALPAAAQAAENLKRNNLAIVGFSTPNVMRPYVQRGTVKEFGLWDVVQQGKISVYVANALLKNMPMNVGDSLDIPGIGKVTVSPNSEQGYHYEAKGNGIVLLPERVIFNKDNIDKYDF1tre_Escherichia_coli,MRHPLVMGNWKLNGSRHMVHELVSNLRKELAGVAGCAVAIAPPEMYIDMAKREAEGSHIMLGAQNVNLNLSGAFTGETSAAMLKDIGAQYIIIGHSERRTYHKESDELIAKKFAVLKEQGLTPVLCIGETEAENEAGKTEEVCARQIDAVLKTQGAAAFEGAVIAYEPVWAIGTGKSATPAQAQAVHKFIRDHIAKVDANIAEQVIIQYGGSVNASNAAELFAQPDIDGALVGGASLKADAFAVIVKAAEAAKQA1ula_Homo_sapiens,MENGYTYEDYKNTAEWLLSHTKHRPQVAIICGSGLGGLTDKLTQAQIFDYSEIPNFPRSTVPGHAGRLVFGFLNGRACVMMQGRFHMYEGYPLWKVTFPVRVFHLLGVDTLVVTNAAGGLNPKFEVGDIMLIRDHINLPGFSGQNPLRGPNDERFGDRFPAMSDAYDRTMRQRALSTWKQMGEQRELQEGTYVMVAGPSFETVAECRVLQKLGADAVGMSTVPEVIVARHCGLRVFGFSLITNKVIMDYESLEKANHEEVLAAGKQAAQKLEQFVSILMASIPLPDKAS1bks_Salmonella_typhimurium,MERYENLFAQLNDRREGAFVPFVTLGDPGIEQSLKIIDTLIDAGADALELGVPFSDPLADGPTIQNANLRAFAAGVTPAQCFEMLALIREKHPTIPIGLLMYANLVFNNGIDAFYARCEQVGVDSVLVADVPVEESAPFRQAALRHNIAPIFICPPNADDDLLRQVASYGRGYTYLLSRSGVTGAENRGALPLHHLIEKLKEYHAAPALQGFGISSPEQVSAAVRAGAAGAISGSAIVKIIEKNLASPKQMLAELRSFVSAMKAASRA2had_Xanthobacter_autotrophicus,MINAIRTPDQRFSNLDQYPFSPNYLDDLPGYPGLRAHYLDEGNSDAEDVFLCLHGEPTWSYLYRKMIPVFAESGARVIAPDFFGFGKSDKPVDEEDYTFEFHRNFLLALIERLDLRNITLVVQDWGGFLGLTLPMADPSRFKRLIIMNACLMTDPVTQPAFSAFVTQPADGFTAWKYDLVTPSDLRLDQFMKRWAPTLTEAEASAYAAPFPDTSYQAGVRKFPKMVAQRDQACIDISTEAISFWQNDWNGQTFMAIGMKDKLLGPDVMYPMKALINGCPEPLEIADAGHFVQEFGEQVAREALKHFAETE2liv_Escherichia_coli,EDIKVAVVGAMSGPVAQYGDQEFTGAEQAVADINAKGGIKGNKLQIAKYDDACDPKQAVAVANKVVNDGIKYVIGHLCSSSTQPASDIYEDEGILMITPAATAPELTARGYQLILRTTGLDSDQGPTAAKYILEKVKPQRIAIVHDKQQYGEGLARAVQDGLKKGNANVVFFDGITAGEKDFSTLVARLKKENIDFVYYGGYHPEMGQILRQARAAGLKTQFMGPEGVANVSLSNIAGESAEGLLVTKPKNYDQVPANKPIVDAIKAKKQDPSGAFVWTTYAALQSLQAGLNQSDDPAEIAKYLKANSVDTVMGPLTWDEKGDLKGFEFGVFDWHANGTATDAK3gbp_Salmonella_typhimurium,ADTRIGVTIYKYDDNFMSVVRKAIEKDGKSAPDVQLLMNDSQNDQSKQNDQIDVLLAKGVKALAINLVDPAAAGTVIEKARGQNVPVVFFNKEPSRKALDSYDKAYYVGTDSKESGVIQGDLIAKHWQANQGWDLNKDGKIQYVLLKGEPGHPDAEARTTYVVKELNDKGIQTEQLALDTAMWDTAQAKDKMDAWLSGPNANKIEVVIANNDAMAMGAVEALKAHNKSSIPVFGVDALPEALALVKSGAMAGTVLNDANNQAKATFDLAKNLAEGKGAADGTSWKIENKIVRVPYVGVDKDNLSEFT2fox_Clostridium_beijerinckii,MKIVYWSGTGNTEKMAELIAKGIIESGKDVNTINVSDVNIDELLNEDILILGCSAMGDEVLEESEFEPFIEEISTKISGKKVALFGSYGWGDGKWMRDFEERMNGYGCVVVETPLIVQNEPDEAEQDCIEFGKKIANI4cpa_Bos_taurus,ARSTNTFNYATYHTLDEIYDFMDLLVAQHPELVSKLQIGRSYEGRPIYVLKFSTGGSNRPAIWIDLGIHSREWITQATGVWFAKKFTENYGQNPSFTAILDSMDIFLEIVTNPNGFAFTHSENRLWRKTRSVTSSSLCVGVDANRNWDAGFGKAGASSSPCSETYHGKYANSEVEVKSIVDFVKNHGNFKAFLSIHSYSQLLLYPYGYTTQSIPDKTELNQVAKSAVAALKSLYGTSYKYGSIITTIYQASGGSIDWSYNQGIKYSFTFELRDTGRYGFLLPASQIIPTAQETWLGVLTIMEHTVNN5p21_Homo_sapiens,MTEYKLVVVGAGGVGKSALTIQLIQNHFVDEYDPTIEDSYRKQVVIDGETCLLDILDTAGQEEYSAMRDQYMRTGEGFLCVFAINNTKSFEDIHQYREQIKRVKDSDDVPMVLVGNKCDLAARTVESRQAQDLARSYGIPYIETSAKTRQGVEDAFYTLVREIRQH8abp_Escherichia_coli ,ENLKLGFLVKQPEEPWFQTEWKFADKAGKDLGFEVIKIAVPDGEKTLNAIDSLAASGAKGFVICTPDPKLGSAIVAKARGYDMKVIAVDDQFVNAKGKPMDTVPLVMLAATKIGERQGQELYKEMQKRGWDVKESAVMAITANELDTARRRTTGSMDALKAAGFPEKQIYQVPTKSNDIPGAFDAANSMLVQHPEVKHWLIVGMNDSTVLGGVRATEGQGFKAADIIGIGINGVDAVSELSKAQATGFYGSLLPSPDVHGYKSSEMLYNWVAKDVEPPKFTEVTDVVLITRDNFKEELEKKGLGGK8atc_Escherichia_coli,ANPLYQKHIISINDLSRDDLNLVLATAAKLKANPQPELLKHKVIASCFFEASTRTRLSFQTSMHRLGASVVGFSDSANTSLGKKGETLADTISVISTYVDAIVMRHPQEGAARLATEFSGNVPVLNAGDGSNQHPTQTLLDLFTIQQTEGRLDNLHVAMVGDLKYGRTVHSLTQALAKFDGNRFYFIAPDALAMPEYILDMLDEKGIAWSLHSSIEEVMAEVDILYMTRVQKERLDPSEYANVKAQFVLRASDLHNAKANMKVLHPLPRVDEIATDVDKTPHAWYFQQAGNGIFARQALLALVLNRDLVL
