PDBid,Sequence
1AD6_Homo sapiens,EEECECHHHEECHECEHCEHEEHCHEEEECCHECCCHHHHEHHHCHCHECEEHCECHHHCECCHEHCCECHHCCEECHEEHCHECCEEEECHEEHEEECCCCCCEHHEECEHHHEHECHCCHHECEEEHEHHHHCECCHHECHEEHCHCCCHHCCCHEEHHCHECHEHCEHCEEHECCEEHECHC
1A06_Rattus norvegicus,HCCCCCHHEEEEEECCECEHHHCCCHHECHHEECCCCEHEHEHCHHEHEHHHHCEHEHEECCECHCHCCEECEEECEHEHEEHEHEEHECCEHEHCCCHCCHCCCCEHCHCCCHCECCCEEECHECHCCEECCEECCCEECHHEHHHCCCECCHECHEHEHCHCHCECCHEECCCCHCCCHCECCEECCCEEECEHEEEHEEHCECHCEHCCCEHCCCHHEEEHCHCEECEECHCEHHCEEHCHHEEHEEEHHCCHHHHEHHEEEECCEECCEHHHCCHHEEHCHHEECCEEHHCHCHCHEEEHCEEECHCCHHECEHEHHEHEEHHCHEEE
1BBH_Allochromatium vinosum,CHHCHCCCCHHEHCEHCHEECHCEEECCHCHHHEEEECHECECHCHEHCCCEEHHEEEHECCHHHHHCHCHHCECHECECHEEECHHCHCEHEEHCCHECCHECCCCHCEHCCCCCCCHHCECCEHCHEEH
1CNS_Hordeum vulgare,HECHEHECECHEEHEEECCCCHCEHHEHEHHCEECHCCEEEHCCCCCEEECEECECECECCECCCHCHCEHHCECCHEHCCHHEHHCHCEHHEHEECHEHCEHCHHEHCCCHEHCCHEEHCECEEHEECCCEECEEHHHCCHCCCCCCCHECECECCHEEHHHEEHCEEHHECEECHHHHHHEEHCECEHHHHCHECHEHCHEEHEHHEHHHEHEHCHHHECHHECEECCECCCEEEHEEHCH
1D2Z_Drosophila_melanogaste,HCHECCECCEHECCEEHEEECEHHHHECEHEHEEEECCECEEEHEEEEHHCEHCECCCEEEHCEEEEEHECHEHHEHHECCHHEHHECCEEECEEECCCCCCHHEECH
1DAT_Equus caballus ,CCEECEHHEHHCHCCECEHEEHECEEHHEHCECEECHCHECCHECCHEHCHHHCHCCECEECCCEHHHCCCECCHHECCEHECEEHHCECCEHCCHHHECEHHCCEHEHCCEHCEHHECEEEEEEHCHCCEHEHHHEHHCCHEHCEEEECCHCCEHCCHEECECCEEEHECCEH
1E12_Halobacterium salinarum,CEHCECEHCECCEHEHECHCHCCHEEHEEHHHCHEHECEHEECHHCHCEHHEECCCCHHCHHEHECHCCHCEEEHHCCEEEHHEHCEHHHHEHHHHHCHHCEHEHEEHHCCCCEHEECCHHECCCEHEEECHEECHECCHECEEHCCCEHEECHHHEHEHHCECCEHCEEHHHHHECEHCEEHCEEHEEECHEECECHEECECECCEEHEEEHCHEECHCEEHECCHECCCCCCHEHHHECCECCEHEHCECE
1EQZ_Gallus_gallus1,EEHECCCCHCHEHHEECCHEHCEHCEEEHHCCHCCCECCECCCEHHHCHCECEHHHHEHECHHCCCECECECHEEHEHECCCHHHHHHCECECECHEEHCEHHHECEHEECCHCHCHHEHCHHECHCEH
1GWX_Homo sapiens,CHHCEEEHECHCHHCHCCCCCHCECHHCHHCHHHHCCECCHHEHHECHCHHECCHHEHECCHHEECEECCECHCHCEEHEEHHHCEHHCHCECEHCEHEEECHEEHHEEHHCHECEHHCEEHECHEEEHHHEHEEHEHCHEHHHHHCHECECHHHCHCCCHEHCECHECCEECHECCEHCECCCCHEEHHHCECCEEHHHHHEEHCEEHHCCCHEEHCCHCCCEEEECCCCHECHHHECECEEECHCHCCHEHHCHHECHCHHCHHCEHEC
1HGU_Homo_sapiens,CCHCHECHCEECHECHHHHEECCEHHCHHEEEHEEEHEEECHCCHHHHEHCCHCEHHCHHEHCHHCCEECCEEEHCHCECCCHHHEEEEEECECEHEECECHECCCHCHHHHHCHCCHCECEECHHHEEHECCCHHEEEHEHECHCECCEECHEEHECHCCHHHHEHHCCEEEHHCCCCEEEHEECHCHEE
1HLM_Caudina arenicola,HCHHHHCHCHHHECEEECHEEHCCECEHHEEEEHCECHCCCCEHHECCHEECCEHHEHHCECHECEEHECCECCEHECHHEHHHCHCHCCECCHCEEECECHCHHCCCCCCEHCHCHEEEEHEHHEECHHHCCCHEHHHEEECEECHCEEHHCCHECEC
1JNK_Homo_sapiens,ECHCHCCHHHCCHEHHCCHCHHHCHEHCECHHCEHHCEHHHHCECEHEECHHHEHECHEHCCHHCCHHEHECEEHCHHHECHECEHEEEHHEECEHCEHEEECEHCCEEEHHCEEEHHCHCHCHEEEECCHCECEHECCEEHCEHHCHECCEECECCHCHHCEEEEEHCECEEEECCEECCHCECHCCCCEEEECHCECCHCHHCEEHHCEEECHHHCECEECHHECCCEHEEEHECCHEHHHHCHCEECECEEHHHEHEHEECCEHHHECHHHECCEEHHHCEEECHHEHHEECEEHHHCHHHECHEEHHEEECCHCEHCCECHECHCEHHCECEHHCHECECECCHECECEECCHCCEEHEHCEEHEHECHHEHCCHHCEHHEHHEHHHCHCHEECEHCECEEECCHEEHECEEHECHHHH
1MMO_Methylococcus_capsulatus,CHHCHHEHCCCCCHCEHHCECEEHCCHHHEECHEHCEEEEHECECCCEHCEHEHEECHCHEHEECHEHEECCHCECCEEHHHHCCEHECECCHHHHHCCCEECHEHHEECCCECCECHCHHEHEECEHHHCEHHEEEHCEHHEEEHEEEEHEEECCECHHHHEHCCHHCEHCECECEEHHHEECHCCEHEHHEHCEEEHCECHECCECECHHEHCHEEECCEHHHECHCHHCHHHCCHHEHEHCHHEHECHHHCHECHCCHCCHECCEECEECHECCCHHEEHHHHHCHEECECCHCECEEHEECCHHCCHECECCHCCHHCEHCEHHCHCHEEEEEEHECCECHEHEHCEHEHEHHCEHHHCCHHCEHHHCEEHEHCECHHHE
1NUB_Homo_sapiens,EEEHCCEHCEEEEHHCHCEHCCCECEHCEHHHEHCCCEHHEHHHHHCECHHCEHEHHEHEHHCHHCEHEEHHECCEEECHHHECCECHCEEECHHHECEECHHHCCEEEECHHHCCHEHEEHHCCCHHHHHCEHECEEHEHHCEHCHCEECEHEHCCCECECCHHHEHCCCCHHCCHCEHEEHHCEECEHCCEEHCHCCHECHHCHHHEHEEHEHEHHHHHEHHEEHHH
1QUU_Homo_sapiens,EHEHHCEECCECEEEHCHECCECECCEEECEECEHHHEEEEEHEHCEHCHEECHEEEHEHCCEHEHECHCCHHEEHHHCEHHHCEECECHECHCEEHEEHECCEHEHCEECCCHHEHEHEHECECHHEHHCCCEHCECEHCCHHCCHEECCEHCECEEHECCHHEEHHCHCCCHHHHCECHEEHCCHCCCHHEEHHHEHHHHHCHHEHHHECHHHHHEHHECHCCEHEHEHHHHCCHECEEHHCEHHECC
1REP_Escherichia_coli,HHHEECEEHCECEHEHECEHHCEHCHHCCHEEHCECEHEHCEEEEEHHCCCHCHHEECEECHCHHCCHEEHEEHCECHCEEECCCEHHCEECHEHCCHECEECHCEHHCECEHECECHCCCCECCHHCHECECHCCECEEHHCCCCHECEEHEEHEHHEHHHECCEECECCHCECHEHCHCCECCEEEHECEECHHEHCHCHCHCCEHECEEEHCEHCHCCCCHHEHHCECEHEEEHEEHHCCECCECCCE
1SW6_Saccharomyces_cerevisiae,CHCCCEEHCHCHCCCHCHCHCHHCCCHHCCEHCHHECCHHCCECEECCEHCCHCHHECCEECHEECCEHEEECHECEEHHCEHCEEECEECCECHCHEEHCHHCEHHHCCHHHHEHEECEEHEHECHECEHCECHCCHECEHEHCEHEEHCCEECHHHHEECEHHECCEEEEECCHHECCHEEHEECHCECCHCHHCHEHHHHCCEEEHCCCCEECHEHHHEHEHECCHECCHCHEECEECHHCCCHCCCCCECCHCHCHEHHHCCEEHHCCEEHHCCHCHEEHCEECEHHCHEEEHECCCCEHHHEHCCECHCCECCEECECEHHE
1TRR_Escherichia_coli1,CHCECCHHCHECCECEECHCCCECECHCCCEECCCCECEHHCHEHCEECHCEHHEEHCEHHCEEHCHCEHEHECCCECCEEEEHEEHECCHHCCHHEHCECHCCEHE
2HPD_Bacillus_megaterium,ECCHHHECECCCHCECCCECCEEEECCHCCEHHHHCHCEEEECEEEHHHCHCCEHCHHHECEECHEHHHEHHECCEEHECEHEHECCHEHCCECHCCEEEEEECHEEECECHHCEEECEEHEHHCCHEEHHCEEHEHHHEHCHCHHHHHEEHECCCEEEEEEHECCEEHHHHECECCCHHECHCHHCHHEHECHEHHHEHHECEEEHECCCCEEHCEHCCEHHCEHCCCHHHEEHECEECECHEHEEEHHHCCECEHHEEEHEHHCHHHEHEECCCCHHHECHCCCCECCEEHHCECEHHEECCEHCCCCHHHHCCCEHEECCCCHEHHCEEHECEEHHECCECCECCHCCCHCHCCEHCHHHHHCCHHCCEECHCHCHEEEHEECCECHHEEEECHHCECECECCCCHEECCCHCECEHCCHHEHHHCHHCECHEHCEECHEECCECCHHHHHEHHEEHECCEECHHCCH
2MTA_Paracoccus_denitrificans,HHEEEHEEEEECCHEHECEHHHHCEHHHCHHHCECHECCHHHCHCHEEECHCEEHHCHECHCHCHCHCEEHCCEHCHHCCEECCHCECECCCEEEECHHCCHHCCHHHCECHEEEHECEEEHCCCHCCHEHCEECEHCEHHCEHEEEHCEHEECCEHHECHEHHECECHHHHEHHCCHHEEHECEEECHCHCHHHEEHHHCCCEHCEHCHHHCECHHHHHEHCCCEHECEEHCCEHCECCCCHHECHCEHHCHHCCEECCCEHHEECEHEHEEHEEHECCHHHCECCHECHEHHHCCHEEECHHCCEEECHEHHHCHECCHHECCEHHECHCEECHEHEEEHEECHHECCCCEHCCHCCHECEHHEHCHHEEC
1A8D_Clostridium_tetani,ECEEEEECEHCHECCHHHEEEECECEECHEECCCHCCECEEHEHCCECHCEHECEHEHEHHECECECEEECHHCCCEHHEHCCCCHHCECCHCHHHHEEEHEHCECEECECEHCECECHHCECECECCECCECECCCHCHCECECCHHEEEHHECCCEECEEEECCCEEEHHHHHHCHHHCCCHCHECCECHEHCCECCHHEEEEEHCHCEEHCECHCECEECEHHHHHECHHCECHHHCEHECHECCHCCHCCEEHEHHCHHCECCHCHHCHCCEHEECCCHCECCCHCCCECCCEEEEHHCHHCEHECEHCCEEHHHEEHHCHHHHHHECEHHCECHHHCHHHCHCCEHEEEHHCEEEHHEEHHEHEECHCHCHCEHHEHCCECECHEHEEHCECCHHCECHEEHCHHHEEHEHEHCCEEHHCHECEEEHEHECHHEEECHECEHHCECE
1A8H_Thermus_thermophilus,HCHCEEEHCHHHHHHECHHECECCEEEHEHEEEHCCCECECCCECHCCHHHEHEHHECHEHHCEECEEECHCHEEHEEHCHCCEHEEHCHHCCCEECEECEHCHCEEECHEHEEHEEHCHHCEHEEHCCHCEHCCEHHCHECHHHCCHCCCCEEHCCECEEHHHEEHCCCEEEHHCCECHECCEEECHEHEEHECEECECECHCCECHHECCHECHCHHHCHEHEECECHCECECEHCEHHCEHCHHCECEHHEEHHECHEEEECHEECHCCEEHEHCHHHHEHHHEEECCEHEEEEHEEEHHECHCECECEHHECCHHCECEECEHHECECHCCCCEEECEHEHHHHHECCHCCCCECHEECHEECEEHEEHCEHCHECHHCCCCCHHEHHCHHCECCCHHHCHCEEEHCEHHEEEHHHCHCEHHCEEHEEEHCCCHHHHECHCCHCEHHHCHCECCHCHEEHCEHCHHHCCHCCEHEHEEHCEECHHEEEECCHHEEE
1AOZ_Cucurbita_pepo,CHCCCEEHHCHHHHEHCCCCEEHHEEHHCCEECCEEEHEHHHECHHCEECHCCECCHHCCHEHHCHCCCECCCCHCECECCHHCHCECEHEHHCHECEEHCEEHHCCCEHHCCEHHECEECCHHECHHHCCEHCHHHHCCEEEHHCHCEECHEEHHEHCCHEHECHCCCCHEHHEECHCEHHEHCCCCCCECCCCECHECHHEEHHCHHCCEEHCCEHHCECHHHHEEHHHHCEECEHEECHEHEHCHHEEECHHCCHEHEEEEEHEHCHEHCCECCECEHCECCECCEHEECCEECHEHCEEHEEECHCEEEEEECHCCHCCECHEHEHHEHCECECCCCEHCHECHCHHEEECEHCHCCCEECHECEHEHEEHHECCCCCHCHHCECHCECCHHHEEHHCHHCECCCHCEECEHEEECCEHCHCCHCHECHCEHCHHHECHHCEECCHHCEHHCCEEEHCHEEHEHCCHCEEHCHEECEEEHEHEHHHHCCECECEECHEHHECHEHHEHHCEHECEEHCECCCHEEHEEEEECHCHCCHCCHCHCHHCH
1B8M_Homo_sapiens2,HECCCHHHEECEEHCEHHEEEEECEEECHCECCECECHCHCHEEHEHHHHEHECCCHCECHHCECCEHEHEEEHEEECCCCEHCEEHEECHHEECCHHEHECHHCHHHCEHHEHECEHH
1BF2_Pseudomonas_amyloderamosa,EHHHCEHHCCHHECHEHHEHEEECHECCEEHECECHCCHCHHEEHHCEHHHECECHEEECCEEHCCCEEEEHCCHHCHEHECECEHCHHHHEHCCCHEECHHCHCEHHECCECHEHCHECCEHEHCEHHHHECCHHHHCEEECHHEHCCECEHCECEEEHCCHCCCCHCEECCHHECHCCHECEHCEEEECEEEEHCHECCEHHEHEHCCEECEEEHCEEECECEEHHCEECHEHHHCHHEEECECCEHCHEEEHCECEHCEEEHCECCCCEEECEECEHHCHCECCHHEHHEHEEHCCEHCHEHHECCEEECCCEEHCCHCHEHHCHHEEEEEEEEECECCHEHCCCECCHHCCECHHEEEEHHHEHCHCHEEHCEHCHCHCHCCHHECEHEEHEEHECCCHHCCHHEHHEECEEEHCHEHCHHCEHHHHCHECECHHECCECCHCECCEHEECCHCHEECCECHCHECHEHEHCEEEECEHECHCHEEECEEHEEHHCHHEHHCHCHHECHHEHECCHHHECCEEEECECECHECHEHCCHHEEEHCCCEEEHCEEHCHCCEHCEHCHCECHHECEHHCHECCHCCHEEEHEECCCECHCHHHCHHHECECHHEEECECCEHEECEEHECHCCCCCHCHCEECECECECEHEHEHCECCCEHECEEECHHEHEECHHCCHHEEEEHHCHCHHHCHHEHECHHEHCEECEECCHHHCCECEECHHCHCHHCCCEEEECCHEHHCHECEH
1BJQ_Vigna_unguiculata,HECHHHHHCCHCEEECHECHECCCCHEHCCHHEHHEEEHCHHCCCEHCHCEECHEEHHHHHHEEHCHHEEEEECCHEEEHCCCHCHCCCHCHHCHHCCHEHEHEEHCCCECHCHCEECCHHCHCCHHHHCEHHCCCCCHHEHHEECECECCEHEHHEECCCECHCECEECEHHCHEHCHEHEHEHECHECCECECHHEEHHCCCCEEEHHHEHHECECHCECHEEECEECHCEEHEECHHHHCHCCECEECHH
1BQY_Viridoviper_ stejnegeri,HECCEEHCCHEEECEEEECCEHHCCHHHCCCCHHCECCCHEEECCCHECEECEEHECEHECEHCEEHEECECECCCHCECHEHHCECEHEECHEHHHHCECCHHHECEHCCHECEECECHEHEHHCECHHEHEHCHECHCHHECEEECEEEEECCECCHEHEHHHHECHCCCHCCHCHECHCECCHHCEECEHCCECHCCEECCHECCHEHECHHECEHEEHHECEEECCHCEC
1BTK_Homo_sapiens,ECEHHHHCCECEHCHCEHEECCHEECECCCEECECHECECHHHECECCCCCCHCCCCEEEHHHCEHCEEHECCECCHCCHHCHHCEEEHCEHEHECHHCECHCHEECCHCCEHHHHHCCCHCEEEHEEHHCCHHEHCCCEHCHHCHHHHCHECHHHEEECCHEECEEEH
1C1Z_Homo_sapiens,CHHEEHHCECEHCHHHHCCHCHCEHHCCCCCEECCCCECHCCEEECCHHECECHEHCEHCECHECECHCHCCHCHCHHCCECCEHHEHECHHEHEHHCCCCCECEHCEHEHCHHHHCCHEHHHECHEEHHHCHEHECCHHCHCEHECCCHCECHECCHCEEECCHHCHHEHCHCHEHEEEEEHCHEHECEHCECHHEECCCCHHECCHCECEHHEEEECCEHHCHHCHHHHHHCHECCCEHECECHCHCHHCCEHCECECECEHHEHEEEHCCECHEHECHEEEHHCCEECHCEHECHEEEEEHEEHCEECHHEEHHCCEEECHHH
1CL7_Mus_musculus,HCHCHCHECEECECCEECCCHHEHEEEHCCCECEHHHHEEHECCCHECCCCCEECHCHCCEHECCCHECHEEHEHHHECEECCECHHHCHHCHHEEEECECEEECEEEEHECECECEHHCECECHCCCEHEEHCHHCHEHECCHEHECCHEEHHHEHCECCHHCEHCCCHHEEEEHCEECCHEEHEEEHCCHECCCHCHECECCEECHHCHCHCHE
1D3S_Rhodnius_prolixus,ECECCCHECHHECHEEHEECHCHCCHHHHECEEHEEHHHHHEECEEHHCCECEHECEEHCECHEHCHHCCEEHEECCCCCCHCECHCHHCECHEECEHHECEHECECCCECCHCHEECCCCEEEHEECECHHHHCECHECHHEECCCECEHHCHCCCHEHCEEHEEEHCEHCHHCCHHHCEHCH
1DAN_Homo_sapiens,EEHHEEEECHECCHEHEEHHCHECHHEEECCEECEECEECCHHCECHEHHECCHHCCHCHCEEHHECEHHECCHCCCECHEHCHEHHECHHHEECHCCHEHHECHEECCHCECECHCEEEHECCHECECEHCEEHCCCCEHHHHHEHHEEEH
1DSY_Rattus_norvegicus,CHCCEEEECECCHEEECCHHCHECEHHHCEECCCHCEHEEEEHCEHHHCCEHCHCEHCHEEEHHCCCHHCEEHHCHHEEECCEEHEEHHHEEECCECECHEEHHHCECECCEHHCCCCHEHHHCHCHHEHEECEEEEEE
1DXM_Pisum_Sativum,ECCCCEHEHCHCCEEEEHCCCHEEEHHHEEHCHHEHCCECEECEECHCECEHCCECECCCECCHCHCCEECCECHCHEECHCECEHEHCCCCCHCCEHEEHEEECHHHHCHEEHHECHEHCEHCEEHHCHE
1ET6_Streptococcus_pyogenes,CHEECCECHHECEEHCEHCEHHHECEEEHCHEHHCEHHHHHCHEECHCHCCCEEECCHECCCEHEECCHCCEHECEHHEEHHCHHCHCEEHEHHECHHHHCCHHCEHHHHHHHHEEEHHCCHEECECEHHHHCECHHHECHHHEECCEHHECEECCECEHHCCCCEHEHEHEHEEEECEECEHEEEEEECCCHHECEHHHHCHEHCCHEC
1EXT_Homo_sapiens,HCEHCHHCHEEEEECHCECCHHEECCEHECCHEHCHCCEHHCHEHHHCHCCECHCCHECEEEEHEHEECHEEEEEEECEHHEEHHHCEHEEHCECCHHCHCCHECHCCEHEEECEEHECCHEEHEHHHECCHHCCCEECCEEEHCHCEHHCEHCHCHCEHHH
1NFI_Homo_sapiens,CEEEHEHHECEEEHEHHHEEEECHCHHCHCEECHEHEECCCHHECHEHEHCECECCEHHHCCHCCEECCHHEEHHHHHCEHEECHHCEHEHCHHCHCEEEEEEHECECHECCCEHEECECHCHHCCHCHHCHHHHHCCHCHCCECEECCCHEECECCCEHCHHHEEHHCHHECHHHCHEHHEHEHECCHCCCCHEECECHEEEECCECCEHCHHHEHHEEEECCHHHCCCHHECHCEECHECHHCEHCCHHHCCHEEECCHCHHCCEEHEEHEEECCCHHHHEHCHCEECCHECCECHHEE
1NUK_Mus musculus,EHEEHEECCECEEEEEHHHCHEEECECHEECCECCHHHECEHCHHCHEEHHHHCHEHEHCCEHCCEHECCEHEEEEEECCEHEHEEEECHEECEHEHCHHECEHEEEECCEHHHHEHCCCEEECCHCEECCHCHHCEEECHCECEHHECHHHCCCEECHCECHEEECCHHHEHCEEEHHEHEH
1OTC_Sterkiella_nova,CHEECEEHCHCHCCECEHCEHCCHCEEHHECECHHHCHECEECCHEECEHHHHEEEHHECHCHHECCEEHEECEEECHECEHHEEHHEECHEECCHCECHCHCHEHEEHCCEECHHHCHEHECHHHCEECHECCHCECHCECHECHCECEEECCEHCEHEEHHECCEHCCEHCEHEHECCCECECECCCEEHCHEHHHCHHCECECCCCEHCCECHEECCEECHEECHHCHCHCEEHCEEHCHHEECCEHCEEHCECHHEHCECCEECEHEHECCCHECEHCEHCECECECECCCEHHECCCCEHHEECEHHEHCHEEEHHCHHEHEECEECEHEEHHHEEECEECECHECEEEEECHECHEHCHHECCHEHHCHECCECHCCCEEECCCCCECHEEECCEHHHEEECHEEHCCECEHEECCCCECCHHCHCEHHCCEHEEEEHHHCECHECECCHHCECEEEEEHHHEEECCECCHHCECCEHHEHHEHHHCEH
1QDM_Hordeum_vulgare,HEECEEEEHHCHHHCECHCCEEHCHCECEECEEEHCHCCEHCEHEEHHEEHCCEHCHCCEHCECECHEEECHEHHCHECHHECHECCHEECHCHHCCEEEEHEHHHHECCCHHHEEHEHCHEHEHHCHCHHCCCCCHHECEHHEECEHHEECHHHHHEHEECHHCCCECCHEECHHEEEHCCCEECHECHEECEHCHHHEHHHECEHHEHEHHCECHCEEECCHCCCEEHHEEECHEECHHEEHCEHHCEHECHCHEHHCEHHHCCEECEHHHHHCHCEHECCHEHEHEECCCCHHHHHCEECEEHHCHHHHEHCECEHCHHECHCHHEEHCCCEHEHEECHECCECCHEHCHHHEECCHCCCCHHCCEEECCHECEHCEEHCEHHHCEHCHHEHCCCCHECCEEECHHHEEEHEHECCHEHCHEHHHECHHHHECHCEEHEEHHCECCHEHEHHCHCHEEHECHHEEHHEHHCEEHE
1QE6_Homo_sapiens,CCECCECEEHHHHHCHCCHHHCCCECEEECEEHECCCECCCHHHHCCHCCCECHCCEHECECCCEHHCCCEC
1QFK_Homo_sapiens,HCCCHCCCCHEEECHCECHHCCHCEHHHCEEEHEECHHHECEEECCHECEEECECCHCCCHEHHHHHHHCEHCCHCHCCECEEECHEEHEECHCCCHEECHEHE
1QUE_Nostoc_sp,HHCHHCECECHCHCCCEEEHHEHHCEECCECCHHEHEHCECHHCEHCEEECHCCHHHEEHEHEECECHHECCCCCCECEHHCHHHCHCEECCHEEHCECCEEHECCCCEHCCCHHECHCEECCEEHEECEEEEECEEHHEHEHCCEECEHCCEHCHEECCCCCEEHHCHCECCHEEECHHEHHEEEEHEECHECCHEHEHHCCCCEECEEHCEECCHEHEEEHHEEEHEHCECEEHHCHHHECCCHEHHHCEHECECCHHCCECEEEEEHEHEECHHCEHCEHEEHECHEEHCCCEHHCCHEH
1RMG_Aspergillus_aculeatus,ECEHEHCCHHCCHCCHHEECHCEHHCCCECCCHCHCHHCCEEHHHHEECHCECHCHECECHCCEEEECECCEHHEEHCHHHHEEHEHCEHECHCHHHEHEEECCEHHHHCEEHHECEECHEHEECEHCEHHECHCEHECHEECECEHEHHHECEECCCHEECEHHEHCECCHEEECCHCEEEHHECECHHHHCEHHHHCECCHCHCHCHEEHCEECHECECECCECHEHEHCCHEECCEHCEHHHCCEHHCCHEEECCHCEEEHCHCEHCCEECECHEHEHECHCCHEHCHCHHEECHHHECECCCHCCEEHCEHCHCCCHCHEHEHCECHHHEEECCHEEEHCEHECCHCCHECECCHEHCEHEHCEEEHCEHECHECEHHEHCEEEEEECEEHHCEEEHHEEEEECHECCCCECHHCCEC
1TMO_Shewanella_massilia,ECECHHCCCHCCCHCEECEHHCHHCHHEHECHCCECHCECEECHCHHCCEHCCHCECECCHCEHEHCCHECHHEHHEHEEEHHEHCEECEEEHEHHCHEEEHECECCEEEHCEEEEEHECEHHEHCECCHHHCCCCHHECHCEHCHHECCEHCHEEEECEHHHHHHECEEEHHECHCCHHECCCEECCHHHEHECHCECHEEECEHEHHHHHECEHEEECHEECHHCCCCEECEEHECHCCHEHHCCCEECCEECCECHEHCEHHECCHHHCEEHHECECHCHCECEHCCCEHCEECCHEEEEECHCHCHCHCECHCCEHCEECHHCCEHHHHEEHECCCCCHHHECCEEECCECCEECECCEHEEHCEECEECECHHHHEHCEEEEEEEEHHEECEHEHHHHCECEECECECEHHEHHCCCHCEHEEEHHEEECCHECCHECCCCHEEECCHCHHHCHCHEHCCHHCHCHECEEHCECCCECHEHHEEECHCCCCCECECHECHCHCEHCCHCECHECCCHHEHHCEHEEHHEHHHCCECHHECECEHCCECHCCCECCHHHEHEHCHHECCEEHEHCECHHCCHEECHHEECHCECEEEHHCCECCCCEEEHEHHEECCEHHCHCCEEECEECHHHCEHCHECHCEEHCECHHCEHCHCCHCEEHECCHEHCCEEHEHCHHCHCHCCCHHEEHEECECCCCEECHEHECCHHHCHCHHCCCEHHCEECHECEEHEHCCHCCEHHEEHHECHHHEECHEHHCHECCHEEHECECHEEEHHHHHHHCCCCCEHCEEHHHCHECCCHECCCCEEECCEHECCCHEHCHCH
2TBV_Tomato_bushy_stunt_virus,HHCCEECEHHCHECHCHHHHEEHECCEEEHCCCCEEEEEECEEHHHHHCEHHCECHCCCCHEHHHHECCHCEEHECCCCCEHCCECEHCHEEHCCHEEHEEHHHEHCCEECCCHHEHEHCEECCEECHCHCHEEEEEEEHHHCHCHHHEECHECHCHCHHCCCHECCCHHCCHECHHCECEEHHHHEHCHCEECEHEEEHEECEHHHEHCEHHCCCHCEHCEHHHCEEHECEECEHCCEHEECHECHCHCHHEHHEEHCHHCHHHECHHEHEECEECCEEHHECEHHHHECHHCCCHHHHECEEEEHCEHECEHEEHHCEEECEEHHHCCHCCHEHHHCHCECEHECCCCCCEEHCHEECHCECEEHHCHEHCHCEHHHECECHHHE
1A1M_Homo_sapiens,EHCEEHECHEHHCEHECHHEHHEHEHEEEEHHCHHEHECEEHEEECECHECHECEHHCHHHCHHEECHHEHHHHECCCHCHEECHHECCHCCCHECHHCHHCECEHCECEHEEHEHEEHHHCCHHEHHCHEEHECHCHHHHEHEEHEHEHHEEEEHHCCEHHHCCCHHCCHCCEEHEHCHHCECEEHHECEHECCECCCCCHHECHECEECHCHHEHCHEECEEHEHHHEHCECEECEHHEEHHHCCHEEHEEECECHEEHEHCHCEHCEEECEHEHC
1A2V_Pichia_angusta,HECCCHCCEHHCCEHEHHEEHEECCHHHECCEEEHEHECHCCHECHHCCHHHECHEECEEHHECCHCHHCHCECCCHHCCHHEHHHHCHECCCEHHEHECHHHHHEHCCHECCCCCCCEHCEHCECEHCHHEHEEHCHECHHHHCHHHCHECCHHECCCHHHECCCECEEHEECCCECCCHHHHHEECEECHCCHHHEEEECEEHHCCECHECECCEEEHHHECHEEHHEECECEHHHHECCHECHEHEEHECCEECCEHEEEEHEHCHCCEEEECCECECEECHCCHEHHHEEHHECCECHCHHCCHEEHECCEEEHCCHCHHECHHHCCEEHCECCECECHCCEHEHHHHECHHHHEEEHECECHCHEEHCHHECCCEHHCEECEEHEEEHCHCHECHHEECCHCCEEEHCHHHEHHCCEEHHECEEHECCECHCCHCHCECEHCEEECHHEEHCCHHHCHCCECHECCEHHHEEHCECCHECECCEHHHHHCEHCHHHHCEHCEHEHCCECEEHHCHEHCCEHCHCECHCCHEHCEHEHHCHHCCHCHCHHECHEEHCECEHEHCHCEEHCCCCEHECEHCHEECCHECEECCECHHEHCCECHCHECCCCHCEEEEHCECECHCECCEECEEEHHECCCCCHHCCHCCCCC
1AKN_Bos taurus,CEHCEHHEHCHHHHHHHECEHEHECECCCEHECEEHEHHHCEEHHCECECCCHCEHCHHCHEHHHHHHCCCHHEHEEHCECHCHECECCCHEEEHCECEEEEEEHHEEEECHCECCCHCCHCCCCEHEHEHCEEECHECECHHCEECHEHHCCCCHCHECEEHCCCHCCCCECCCCEECCCEHECHECCEHCEECCCHHECCHHECHEEECHHEHHEEHEEHCHHCEEECHCECEHCEEEECHHEECCCECHEHCCCHHHCHCCCHCCEEHCCHHHCCEECHECHECHCHCHEECECECHHHCEEEECHHEEEECHECCHHCCEHHCECHCHHCHCECHHCCHHCHCEHCECCCECEHHEHHECHCHCEEHECCHHEEEHEHHCCEEHCHHHCHECEECEEEHEHHHCHCCEHECCHCCHHECHECCHCECCEHCCHECCECEECHCCCCHCCEEEHCCHEHHCEHHCHEHCHHCCCHEECECCCHHCCCEEHEHEHCHCCEHEECEEEEEHHECECHEHEEEHEHECCHCHHHCHHHCEECCECHHEECEHCHHHHHCEECEHEEEHHCCCCEEEEHC
1AQZ_Aspergillus_restrictus,CCCEEHHEEHHEHEECEECECEHHHCEEHHEEHEEHHHEHCHCHEEHEHCCEHCCHEECCHEECECCHCHEEHCHHHHECEEHECHCHCEHCHHECHECHHHECHEECHCEEEHHHECEHEHHEECEHEEECCHCCHHHCEHECHCHCH
1ASY_Saccharomyces_cerevisiae,ECECEHEECECECCCCEHECHEHCHCCHEEEECHECEHCCHCECEHCCCCCEHEEEHHCHHHCHCHCHECHEHHEHEEEHHEEEHECEEEHCEECHCECCCEHHEHEHHCCCEHCHCEECECHCEHCEEHHECHCCCEEHEHHCCHEECHCCHHCCEEEHECCEHHEHCHCCECCHECHCHEEHCCHHCCHCEHEEHHHHHECEHEHHHHCCHCEHECHHCCCEHHCCECHCHHCHEEECCCHEHCCCCECCCHEHEHEEHEHCHEECCHECCHEHHEHEEEEECEECEEHCCHCEHHECCHHCEEECEHEEEEHHCHCEEHHHEEHCHCHHEEHEHEHEEEECEEHEECEEHCCCEHHEHCCHHCHECHEECECHHEEECECHEHEHCCEHCEHECEHEHHECECCEEEHCEEEEHHHCHEEHHCEECCCCHEEECCHHCCCHECCEECEHEHCEHHCEEEEEHHEHEHEECEHECHEEEEHHCCEEEH
1ATI_Thermus_thermophilus,HECEHHCHHEEHHEHEHHCEEEEEEHHECCEECCCCHCHEECEECEHHEEEECEHCHEEEHCHCHECCCCCEHCEHHHEHCEHCECHEECCCCEHEEHCHHHHCHECCEECCEEHHHCCHCCEHCEEEHEEHEHEHCHCHEECCEHECHHEHEECHHCCCHHEHCHHEEHECHCCCHCCHHHHHEHHCHCHEHHECHCECEHHCEECHEHECHHECECEEHHCECEHCCHCCHEHHCHCECCEHECHCCCCEEHCHCCCECCHCCCCCCHEECEHHCEHECHHCHHHHHHHCEEEHHCCECCHHHEECCEEHECEECCECCECCECEHEHEHHHCCHHHHCHEHCCEHCCCHEEHHCCCCEHHEHCCCECHECCEECCCEHEEHCCEECHCHHHCEEEHEHECCCECECCCCCEHHHHHECCCCCEHEECCCCCHEECHCHHHCCHEEEEHEHHHCCECHCCEECCHCCEECCEECECEHCCHEHCCCHCCEHHECECHEHEECC
1AUQ_Homo_sapiens,CHHCHHHCEHHCHEEHHCHCHEECHCCCEEHEEHHHHCCEHCCEHCHEHCHEHHCEHECCHEHECCHHEEHHCEEHHEEHCCEHCHEEECECHCECHHEECHHHHEHCCECECEEEHHCEECHCHEEEHECHHHHCHHHCEECHCCECHHCHCHEHEEHCEHHHHCCCEEEEHECCCHECECECHEHCECCEECCECCCHHHCCHHCC
1AX4_Proteus_vulgaris3,CCCHHHCEHEECHEHEHHHEEEEEHCHCHHEHHHCCHHEHCEECCEHEEECEHEHCECECEEHEEEHHECECCEEHHCEECECCCECEEECCECHCHCHEHCHHHCECCHCHEHECCHHHECHHCCCCEECHCEEHHEHECCHHCHEEECHCEHHEHECEHECCCEHHCEHCECECHEECCHEEEHECEEHCCHECCECEECCHHCHECCEHHHEEHHHECCCHCEEHECECHCECCCCCHCHEEEECCEEHEHHCCCEHHECECCEHEECCEEEEECCHHHHHEHCECECHHEHCHCECHCEHEECCCCHECEHCEHCCHEHEHECEHCHECEEEHEEHCECECCHEHEECECECEHEECCEEEEEHEHHCCEHHEHCEEEHECHEHEHHCCCCCCECHCCCEHEHHEHECCCECHCCHEEHHHCHEEHCCEHCHEHCCECCCEECHHEEHCHEHCHCCCHECEHE
1B0P_Desulfovibrio africanus ,EEEHCEHCHHHHHHEHEECHCCECHCCEHEHHEEHEHEECCCHHHCHHCCCCEECECCHCCEEHCCEEHCECCHCEEHECCCCHEECEECHECCEECCCHEECEHHEEEHCCHCCCCCHCHHCHHHCCHCHEHEHCCECHCCECHEECHCEEEEHEECHCCHHCHCCHCEEECCHEECHEHHHHCHHHCCHCHEEHECEHHEHHCCCHCEHEHHHEHHCEHCEHCCHEECEECEHECEHECHHHHCEHCCCCHEHCHEHECCHHEEEEHHECHCEHEHCEHHEHEHCECCCCHHCHCCCHCCHCCHHCHEHEEHCHHHEEEHHCHHCHHHHECCCHEHEHHECCECECEEECEHEHHHEEHEEHCEEEHCHHECEEHHHEHEHECEHCHCEEEEHCCCHCCHEHEHEEECEECHHHHHEEECHHHECHCCCCCHCHHEHHEHCEEHCCCHCCCHEEHHCHCEHCEHCECCEHCECHCEHHHCCHCECHHECCHHHCCEHCEHCHEECCHCECEHHHHCHECECEHHEECECECHHCHEEEHHEEHECHCHHECCCCECCHHHEHCEHCHECCCHEEEECCEEEECCCEEHEHHEEEEHHEHCCCHCHECEHHEEHCHECEEECCEHHHEEHCHCEHECHEHCECEEHHHHECCHCCEHCEHHECHEEHHEEHCEECHHEECCECCCEHEHECHHEEHCCCEHECCEEHEEHCCCHHHECHEHHECEECCHHEHCEHHHCCCCHHECHCHHCHCCCEHEEECHCHCCCECECHHCHECHHHCHEHHHHCHCECEHCCHCCCCCCHHCCHCCCHCHCHEEHECCHECCCCEHEHEECHCCECCCEHEHCEEEEHEHEHHEECHECHHEEHHCEEECEEHCECEHCHCCEECCHCEEHHCCHEHHCHEHECHHHCHEHCHHCHHCEHHCEECCCECCECHHECHHHCHEHHCECEHCHCCCECECHEECCCCECHHHEEEHHEEHEHEHCHECEHECCEECHCHEEEHCHCCEHHCCHEHCEHHECHCECCHCHHEECEHHCCHCECECEECECHHHHHHECHCHEECHEHHEHCHCECECCCHCEECEHHEEEEHCEEEHHEHHHEEHECHHCEHHHCEHEEEHCHECECCCEEEHHEEHHEEHCEHHHECCCCCEHCHEHECEHCHCCCCECEEEHCEEEEHCHHHCEHCECHEHHHHEEHHEECECHCEHEHEEEEHEEECCHHHCHEEEH
1B2R_Nostoc_sp,CCEECCCHCCEHEEECCHCCEECCHECHHCHCHHCHCHEHEHHHECCCHEECHEHEECEHHCEECECCHHCCEECCECECHHCEEHHCHEECEEEHHHHHEEHECECHEEECCCEECCCEEECCEECEHHHCCCCCCECEECHHEHCHECEEECHEEHHCHEEHEHECCHEEEHHHCHHEEECCECEHHECCCCECEHHCEHECECEECHHHCHHHCCEHHECEECCCECCEECEECCEEEEECHECEEECEHECHHEECCCHCHHHCHCEHEECCHEECHEEEHHECEEHEHEHHHECHCEEE
1BCG_Hottentotta judaicu,ECCCCCCHCHECHEHEEHHHCHCHHCCHHHCEEECCECEEECEEEHCCCHCHHEECEEEHECEEHEEHHCECCCECE
1BCM_Enterobacteria_phage,HEEEHHEEEHCHHECCCCHHEEECEEHCEHCCHHECCCECEECCEHHECHCCEEHCHHEHCCHCCHCEEEHHHEEECHEEECHEEHCEECHCHEEHECECHCECECHHCHCECCCCECCEHCHHEHHHHCCHHECEECHHHEHCEEEHHECEECECHHHHHCHHCEHCCEEHEEHHHEHCCCCEECEEHCEEHEHECHCEHHCCCHECCCHECHEHEEHCECCEHCHEEEECCHHHCHHEECHEEHEHECHCCEEECCECCCEHCCEHEHEEEECECHCECCCHEHEHCHCHCEHHECCHHHCECHHCCCCEECHECCHEHHECHCC
1BF5_Homo_sapiens,EHCEHEHEEHCECCHEECEHEEECHCEEHEHHEEEEHHEEHCCCCCCHCEHHCCEEHEEHHEHHECCCHHHEECHHHEHECCCEECEHHEHCCEEHCECECHHCCHECEHEHHCECCEECHEECCCHHEHCCCCHHHCHEHCHHHHCHEECCECHCCCCHHCCECCEHCCCCCHHEEHEEEEHEEHCCECHHCCECCHHHCCCHHECECHHEEHECEECEHCEHCECCHHCHCHCEHCEHCHHCEEHEEHEHECCCCCHHEEHECCCEHCCHCCCEECHECHEEEEHEEECCCHCCCCHCCEEEHEEHCHEEHEECEHCCEEECEEEHEEEHCCHCCHHCCHCCCHEHCHCEEHECCEECCHEEHHCCHCECECCEHCHEEHHEHHHHCEHCEHHHCCECEHEHHHHHHHHCEHHCCHCEHHHCEEHECHECCECECHCEECHCCCHEEECHCHHCEHCHCEHEEHHEHECCCECECCHECHEHCHEEHHHHCECHCHCEEECCCHCHEHEHEHCHCHEECCCEHHCEECCEECHHEEECCCCECEECEHHEHCCCECECCECECCHCHCHEEHH
1BKC_Homo_sapiens,HHCCCECHHEHEHCHCCCCECECEHHHHCHEEHHEEECEEEECHCHHCCECEHCCCECCEHHHCEECECCCHCECHCECCEECHHHCCECCHECHEHCECHEHEEEHCCEEEHEEHHCEECECHHECHECHEECCCHCCCCCHCEEECEHECHEHEHCCCHCHEEHCECHEEHECHECCHCEECHEHHHCECECEHCCEEHEEHEECECHECEECHHCCHECEEEEHCHEEEHCEEHECHCHEECEHHHCHHHCCH
1BP7_Chlamydomonas_reinhardtii,EEHECHECHCEHECCCEEECCCEHCCECECCCECEEHCCHHHHEEEHCEEHHEECHHHEEHECCEHHEHCECEEHHEECEECEEHECHHEECEHHCEHHEEEHCCCHCEECCECHCEHEHHCCHHHEEHEHEHHHCECEHCCCEHECCEEEE
1C4K_Lactobacillus_sp,EHEEHCHHCCHHCEHEECEECCECHHECHEEEHEHHECHCECCCCECCECCHCHECEHCCCCEHECCCCHHECHCHEEHEHCHEEEECHECEEHEHEEHECHEHECCCCHCHHCEHCEHHCCEECECCECEECCHHCHEHEEHCCCCCCCEHHHCCEHCHEHHHCHHHHCCCEHEEHCEHECEHHHHHCEECHEHEHCCEHEECCECHCHCHCEEEEECCHHCECHHCCHHECECEEECEHHHEECCECEEHEHCHCCHCECEEEHEEHHCHEECEHHCECCEHCEECHEECECEEHEEEEEEHECEHCEHHEHEHCCCHHHHCEHCEHHEECCCECHEECECCHHEHHEEEHCCCCCHHCHEHCEECEHCHEHHCCEEECHCEHCHCHCEEECEHHHEHHEHCHEHHECECHHHEEHCHHECECECHCECCEECECHHECHCHHCECECEEEECEECCHECEEHCCHCHCECECEHEHCCHEEHCCCCHCCEEEEEHECCCHCCEEECHEHCHCCHEEEHCHHEHECHECEECCHHEHEHCECEHECHCCHHCECCEHCEHHCEEECHEEHEEHCCCEHCCCCHCCHCECCEEEEHHHHHHHHHECCCHEECEHHEEHCHHCHHEHCHCCCCHECCHCHCEECEEHCECHECEEECECCHCHEEHCEEEEEHCCCECEECHEHCCCCHHHCHHECHHCHECHHHHCCHCHECHCCHCHHCHHEECCHHH
1CD2_Pneumocystis carinii,HEECEHHEHCCHEHEEECHCHHEHHCCCHCHHHEECCEECEEHCHEHHHCECEHHCCCCCCEECEECHCCHEEHCHCCCCCECCHHCEHCCEEHCHHHECEHECHCCHCCHCHEEHHHHHEHEEHECHEEECCECECECEHHEEHECEEEHHHCCHCHEECECHCCCHHCCEEECHHCEEECHECHCEHHCHECECECEEEHCEHE
1CDG_Bacillus circulans,ECHHHCHHHEEEEHECCECHCCCCCEEECHCCEHEHECCEHEEHCECECHECEHEHHCHCECHCCEECHHEHCHHHEEHEHCEEECEEECCCECEEHCCEECEEHCCEHCEHCEHHCCHHHHEECHCCHEHCEHCHECHHHCECCHEHECHEHEEHECCEEECCHHHCEHHHCCHHHHCEEEHHCEECEHEHCCEEHCCEHCHCCC
1D0N_Equus_caballus,HHCEHECHHEEEEEHEHHCEEHEECHHCHEHCECCHCHHHHCHEEECCCEEHCEEEEHCECHEHECCCCHCCECEECHHCECHCHECHHECCEHEHCCEECHHEECCCCEHEEHCHEHEHCEECEHEEEHEEEEHCHHCCHHCCECHEHEEEEEECHECCHECHCHHHCEHEEHCHCEEECCHHHEEHHEEEHCHCCEHEECCEECCHCHCCHCCCHHCCCHCCHCCHHCCECEHCEEHEHECEHHEEECHHHCCCHHEHEHHECCCCEEHHHHCHEHEECCHECEEHHHCCEECHCHCCEEHEHCECHHCHCHEEHEEECHHEEEHHCHHHCHECCEECEEECCCHHCCECECHEHHHCEECHCCHECECCEECCCEECHHCEECCCCCCEHHHCCEHCCHCEEHCEHCEECHEEHCHHEHEHEEECHHCCHEEHCCEHHCCHECEHCCCCCCCCHECCEEECHCCCECCCCCCHEEHECCCCCECHEHCECEECCEEEEHEEEEECCCHHCCEHCHEEEECEHHHCECECEHCECCEEECEECECHEECCHEHCCEEHCCHHEHHHCEEHEEHHHHEHCHEHECECHHCECCHCHCCCEEEHEEHECEHHCEEHEHHEHECCEHHHHHCHCCCEHHEHECHHCCCHCHHCHECCEEHHCCECCHHHHCHCCECCHEEHHHECCCECCCCCEHCHCEEECCCCECHHECEEEEEHCEHEHEECCHHCE
1D4O_Bos_taurus,EEHCHHEHECECCCHEEHEECEHEEHCECCEHEHECCEHCHHCHEEEHEHECHECEEHCCECHHHCEHEEEHEHHEHEEECHCEHCHHECCHCCCHCECCCHHHHECHCHECEEHHEHEECHCEHHCHECCHECCHHCEEHHHEHCCCECECEHHHCEEHEHECEHCEHEHCHHEHEECEHECC
1D7O_Brassica_napus,CECHCCHCCHCECHCECEECCCCHEHCCCEHEHCCHHCEHEHCCCEECCEECEHEEHHEHECHCCCCCCECHEHHHHCCECEHHHHEEHCCHHEECHHEHHCEHCCCHCEEEHCEHEHHHCHECEECHEECCCCHCHEECEHEEHHHEHHCCECCCHCCCEECHCHCHHHHCHCECHHEEEHHCHHECCCCHEECHECCEECECCEHEEECEHHCECHHEECCEHHHEEECHECEEEHHHHCEEECHECCEHCEHCCCHHHHHHEEHHECHCHEHEEEEHHCCCCHCECCHECHEHC
1DOI_Haloarcula_marismortui,CHEHEECHHEHCEEEECHHEEHCHEEEHCHHEECEECHEHHHHECCCHHCHHEHHHCEHHCHHCEHCEHCCCHHHEECCHCHHEEHHEECHHHHECHHHECEEECHCEHCEHECHECCCCECCHECEC
1DY0_Mus_Musculus,HHHEEEEHCHEECEEHHEHHEEHHHCEHECEEHEEECCHHECHHEEEHEEEECEECECECHECCCHEEEHEEHHEEHHHEHCCEHHHCHHECCCCEECCHCHCEEEHCCHCHCHCCCECHHCEEECEHCHHHCECEEHEHHCHHCHHHCEEHHECCEHHCECHEEHHHEEHHCEHHCHHEHEHHCCCC
1E2K_Herpes_Simplex_Virus,HCHECEHHEHHHCECEHCEEHCCEECCCHHHEEHCEEEHHHHECHCECHEHCHECHCHCECHCECHHCCHECHHHEHHEEHHCECHECEEHCHHCECHCECHHEEEEHCEHECHHHCHEEHEECCCCHHCEEEHHCECEEECEECHHCEEHCCCECHHHHHEHEHHHCCHHCCCEHEECCCHCEEEECCCHHEHHECEHECHEEEEHCHHHEHHHCHHEEECCCHHCHCHCECHHCCCHEEEEHEHECEEEHHHECEEHECCCCEEEEHHCEEHHEEHHCEHEECCCEEEHCEECCCECHCEEECCHCCEEEHHHHEHCCCCCEEHCEECC
1ECC_Escherichia_coli3,EHCCEECHCCHEECHCEHCHHHEHHCHHEEEECCHEHEHCECCHCECCEHEHCCEHHEECEEEHHEHHECECCCHCHHCECHHCCHHHCCHHEEHHECCCCECHHEHHHCCHEEHCEHEHCCHCCECCCECCECHCCHCHHHEECEECEHHHEHECEECHCECHCECCHEHECHCEHHCECEEEECHHEHHHCEHCHHHEEEEECHECHEEEHHHEEHECCCHHCHHEHCHEHHECHCEEEHHCCHHHHCECHECEHCEHCECEHHEHECECEEHHCHHEECHCEHECHCHHCECEHEECECHEHECHEECCHCCHEEEEEEHCEEEHCCHCCHCCHHHEHEECECECEHECCEEEHECHECHEHCECCEECECCEEECECCHHCCCHHEECHCECCEECCECEEHHCEEHHEHEHCHEEEHEHHHECHHCEEEEECHHCCHEHHEHEHEHCHEHHCEEEEECECCCCECCECCCECHCCECEHEECECCHCHCCECCCHCECE
1FBN_Methanocaldococcus_jannaschii,CCHEEEEHHHCCEHCHECEHCCCEECHEECCEHEHCHECHCCCHCCECCCEEEECCCHEHCHEEECCHHCCEEHEHECHHECECHCHEHEHEHCHCEHECHEEHCECHEHCCHHHECCHEHECEEEECCHHHCHEEEHECECHHCHEEHEHEECHHCCCHHCECEHCCEHECHHCEHHHCCHCEEHEHECEHCCCHEHEHHCCHCHECECCHHECEECCHEHHHHHCCHE
1GSO_Escherichia_coli3,EEEEHHHCEECCHHHECCEEECECCHECEHHCCCHCCHCHCCCECCCHCHEHEEHHCEEHHECHHHEEHEHEEEHECCCHEHHHCHHEEHCCECCCCEEHCCHECHHEECEEHEHCHCCHEHECCCHEEEHEEECHCEEEEEHHHEHCHCHEHCCCEEECHEHHHHEHCCECCHHCECCCEEHECHHCECHECHCHHHCEHHCCCHECCEEECHECHCHECHECCECHECEHHHHEHEECCEHHECCHHEHHCHHHCECCECEHHECECHHEECCEEHCEEHCHEEEEECHCHHEEHHHCECEEECCHHCEHHCHCHHCEHCCCHCEHEHHHHECCCEECECHCHCCCEEHEECHECCCECCECHCHHECECCCCEECEEHCHEEEHCCHEEHECCEEEHECHHCHEEECHHCCCECCHHCEEEHHEHECE
1MPY_Pseudomonas_putida,HHCHHEHHCHHHHECCEHEEHHEECEHHHEECCECHEECCHCEHEHCCHCHCCCCCEHEHECEHCHHHHHCCEHCCCCHCHEEHHEHHHEEHCCECCCCEEHHCHHCHHHECCHHHEECHHEEEEHHEHHCHEHHHEEHCCCCHEECHCHCEECHHHCCCHCCHCEECCHCHHHHECHEECCEECEHCCCEHEHHCCCCCHCCEEECEEEEHEHCCHHHEECHECCCCHHEEECECHEHHEEHHCEEEECECECHHEECECEEHHHECCHCHEHCECHHEEEHEHHECECHECHECECCECEECEEE
1OBR_hermoactinomyces_vulgaris,EEECCHECCECHHHHCHECHCCCEEEHCEEHHHCCCHHCEHHHHECEHHCEHCCCHEHCECHEECHEEHCCHHHHEEHHCEHECCHHCCHCHHHHCEEEECEECCCCCCHHHHEHHHCCECEHEHCCECEECCCHEHHHHCCEHHEHEHHECCCECEEEHHCEEECCHCEHEEECHCEECHHHCHEHEHECEECHCEHEEEECCCCHHEHHHEHCEEHCCECEHCEHECEHEHHEEEECHCCCCCECECEHCHHCCCCHCCHCCCHHHCHHEEECCCHECCCCCCCCEHCCHHHEHCCHEHCEHHCECCHCHECEECEHCHCEHEC
1PTY_Homo_sapiens3,HCEECCHCEEHHCCCCCHCCCCCHCHCCEEHCCHCCCHCCECHCECCCCEECECHCEHECHHEHECHCCEEHECEHHEHHEHHEECCHCHEEEEECHCEEECEEECCHEHECEEECHHCHCEHEEHCCEEHECEHCCECEHCECHCCCHEECCCHEHCEECECCCCCCHCEEHEHCECCECEHEECCEECECCHHECCCECCHHEHEHCHEHCCEHECHHCCHEHCEEHECCEEEHHHEHCEEHCECHEECHHHHHCHCCECHHEHHEEHEHHEEHHEECECHECHHHCECHHHEEECECCEHEEECCEEEEHEECHHHCE
1QB7_Leishmania_donovani,CHCCHHHECHCCHHCEECHCCCCHEECHEECHHEECHHCEHHHECEHCCEHHCCCEHEEHHEEHCCHHHCHEECECHEEHHCCEECECHECCHCCECEEHCEEHCHEHEHHCCHCECHCEHEECCHECHHEHECHCCHHCCHHCHEHHEEECCECCHCEHECHCECEHCEECEEECECHHHEECCCCHHECHHHEECECCEEHEECEHHEHHEECHHECHEECHEHCCEHEHEHHH
1QMV_Homo_Sapiens,CHEECECECCCEHHHHECCEHHEEHHCCHHEEHECCEEEHEECHCEEHHEECEHECHEHCHHCHHCCCEHECEEEEHHHEHHCCECHHHHHHEECECEEEHCCCCCEHEECCCHCHCEECEHECECCCECECECEECEHHCHEHCEHCCEEEHECHCECHECHCECECHEHCHHEEEECCHEHHCECHHHHEHCCHE
1URN__Homo_sapiens,ECCCHECCHECHCCHHCEEEEHHHEHHHHHEHHECEHHEHEEHCHCECHECCHHEECEHHEEEEHHHCCHCCCCCEECEHHECHECCHHCHHHEEEH
1ZFJ_Streptococcus pyogenes,EHHEEHEHCEHHCEEHHHECECHEECCECHHCEHCCHECECEHHCECEHHECECEHHHCEHCECEHHEEEECCEHHHCHEEHCCECCCECCHECEHHCHEHHCECCHCEEECEEECHCEHHHCHEHHCCCHHCCHEHECEECEECHECEEEEHCHECCEECCCEEEHEECHECHHCCHECCHHHHCEHECEHHCHCECEEECHHHECECHHCCCHHHEHHECCEEEEEHCHECHHCEEEECHCCCEECHECHHCHHHECCCHEECEHEECHEHCHEHHEEEHECCECECCHCCEEEHHHHCECHCEEEECEHCEEECCECCCHCEEHECECCCEECEEHEHCHCHEHHHCCCHCEHCHEHECCHCCEHCHCCCCCHHEEHCEHHHCCECHCEEHHCCCCEEECCECECEEEEEHCHHHHEECHECCHHHHEHEHCCEHHHHHECCCCHCCCCHEHHHHCCCHHHHEECCCEECCHCHHCHECHCHEEEHHH
2ACY_Bos taurus,EEHEEHCEHECCCHCEECCHCEHCEEECCEHEEEHHCCCCHHHHEHEEHCHECEHECHECEHHCHEHHCCCCHEHEHCCEECECHCEHHCECHEHECH
2DRP_Drosophila_melanogaster,CHHHCHEEEHEEHHEHCCEECHHHECCHCCCHCCEEHHCEHCHEHHHEEHCHCCCHEHEECCCCHE
2NMT_Saccharomyces cerevisiae,HHCHHHHCCECCECECCHHHCEECEHCEEEEECCEHCHCHHHECEHEEEEHHECCCCHHHEECEECEEEHEEEEHECHHCCEHCCCCEEEEHCHCEECCCHEECHEHEHCCCHCCEHCCECHCHCECEEHCHHCHEECHHCHHCCECHEHHCCEHEEEEEHEHCCECCCECCECCHEHCHHHHEEHHHCEEEHCECCEEECCEHEECECHHHCECECCHCHHCCEHHEHECEECEEEHEHCCHCHCHHEECCEHHHECHCHEEHECCEHECEEEHCEEEHCECHCEHCCHECHEHCCCCHHECHCEEEHHCCHHCHHHHHHCHHHCEEHEHEECECCCEHHHECCCEECHCEEHCHHECCCHHHHHEHCECCHECCHECCHHEECHCEHHECHCHCEEHEHEEHHHCCECCECHHHHEHHHE
2RCB_Escherichia coli,HCCEHHEEHHHCHEEHHHCHECECCEECCEHCCHEEHEECEHHCEHCCEHECHCHHECCHHHHHECEHECEHHECCHEHHHHCCCEECCCECCECHECCHECCEHEHCHCECEECHEEECHCHHEEEHECHCCCCCECEEHCHHHCHCCECEEECHHCEEEEHHEEHEHEEECECCECCHCHCHCEECECHEEEHEHHCEEHHCHCECHECCEEEHEECCEHEEHCECECCHCEECHCHHCECCECECCHEEEHCCCECECHHCHCCEEEEEHHCHEHEECEHEECECCHHHECCCEEEHEECEECECHHCEEEEHEHCCCEECHCCCEHEEEHCEHHHECEEECCHEHHEC
4MDH_Sus_scrofa,CEEEEHCECEHEHHHCCCCECCHEHEHHHECHEEHHHCECCHHECEHHEEECCECEECEEHEEHEHEHEHEEEHECHCEECCHCCHECEEECEHHCEECECHEEEEHECEEHCECHCCHEEECCEECHCEHHCCCHHCCCHCCHCHHHECECCHCCCCCHHCEHEHCEEHHCCCCCHEEEHCHCEHCHHECEECEHECCEHCHEECCCECCCHHECHHHCCECHHHECCHCHCCCEEHHECECCHCECHCCEHHECCCCECCHHEEECEHECECHEEHCEECCHHHEEHECHHCCEECCEEHEHCCCHECEHEHHCEHCCHHEEHHEHCEEEHC
5UOJ_Mus_musculus,EHHCCCECEEHEEHHEEHCCHCEHCCCCHCCEHCEECCHCHCCCHHEECEEHCCCCCEHEEEHEEEECCECEHHECCHCECHHEECEHEHCHCCECEEECECHCEHCHCECHECHEHEEEHCHHEECHHHCCEECHHCCHECHHEEECECECHCCHHCHCCHECECEHHHCCHHHCCHCCHHCCEHEHCHHHEHCEEEEEHCEEEECCEEECCHHEHCHHHCHEHCCEEHHCECCCHHHCEHEEEEHCCCHHHCCEHCHEECECEHHCCEHEHEEEECHHEHHHEHEEECHHHEEECEHEEHCECEHHECHHECCHECEECEHHHCCCCHECCCCHHECCCCEEHCCCCHCEEEEHCCECCHCHCEEEEHCEHEECHEE
